Release_Date,Discipline,Qty
2026-02-02,STRUCTURE,0
2026-02-01,STRUCTURE,0
2026-01-31,STRUCTURE,0
2026-01-30,STRUCTURE,0
2026-01-29,STRUCTURE,0
2026-01-28,STRUCTURE,0
2026-01-27,STRUCTURE,0
2026-01-26,STRUCTURE,0
2026-01-25,STRUCTURE,0
2026-01-24,STRUCTURE,0
2026-01-23,STRUCTURE,0
2026-01-22,STRUCTURE,0
2026-01-21,STRUCTURE,0
2026-01-20,STRUCTURE,0
2026-01-19,STRUCTURE,0
2026-01-18,STRUCTURE,0
2026-01-17,STRUCTURE,0
2026-01-16,STRUCTURE,0
2026-01-15,STRUCTURE,0
2026-01-14,STRUCTURE,0
2026-01-13,STRUCTURE,0
2026-01-12,STRUCTURE,0
2026-01-11,STRUCTURE,0
2026-01-10,STRUCTURE,0
2026-01-09,STRUCTURE,0
2026-01-08,STRUCTURE,0
2026-01-07,STRUCTURE,0
2026-01-06,STRUCTURE,0
2026-01-05,STRUCTURE,0
2026-01-04,STRUCTURE,0
2026-01-03,STRUCTURE,0
2026-01-02,STRUCTURE,0
2026-01-01,STRUCTURE,0
2025-12-31,STRUCTURE,0
2025-12-30,STRUCTURE,0
2025-12-29,STRUCTURE,0
2025-12-28,STRUCTURE,0
2025-12-27,STRUCTURE,0
2025-12-26,STRUCTURE,0
2025-12-25,STRUCTURE,0
2025-12-24,STRUCTURE,0
2025-12-23,STRUCTURE,0
2025-12-22,STRUCTURE,0
2025-12-21,STRUCTURE,0
2025-12-20,STRUCTURE,0
2025-12-19,STRUCTURE,0
2025-12-18,STRUCTURE,0
2025-12-17,STRUCTURE,0
2025-12-16,STRUCTURE,0
2025-12-15,STRUCTURE,0
2025-12-14,STRUCTURE,0
2025-12-13,STRUCTURE,0
2025-12-12,STRUCTURE,0
2025-12-11,STRUCTURE,0
2025-12-10,STRUCTURE,0
2025-12-09,STRUCTURE,0
2025-12-08,STRUCTURE,0
2025-12-07,STRUCTURE,0
2025-12-06,STRUCTURE,0
2025-12-05,STRUCTURE,0
2025-12-04,STRUCTURE,0
2025-12-03,STRUCTURE,0
2025-12-02,STRUCTURE,0
2025-12-01,STRUCTURE,0
2025-11-30,STRUCTURE,0
2025-11-29,STRUCTURE,0
2025-11-28,STRUCTURE,0
2025-11-27,STRUCTURE,0
2025-11-26,STRUCTURE,0
2025-11-25,STRUCTURE,0
2025-11-24,STRUCTURE,0
2025-11-23,STRUCTURE,0
2025-11-22,STRUCTURE,0
2025-11-21,STRUCTURE,0
2025-11-20,STRUCTURE,0
2025-11-19,STRUCTURE,0
2025-11-18,STRUCTURE,0
2025-11-17,STRUCTURE,0
2025-11-16,STRUCTURE,0
2025-11-15,STRUCTURE,0
2025-11-14,STRUCTURE,0
2025-11-13,STRUCTURE,0
2025-11-12,STRUCTURE,0
2025-11-11,STRUCTURE,0
2025-11-10,STRUCTURE,0
2025-11-09,STRUCTURE,0
2025-11-08,STRUCTURE,0
2025-11-07,STRUCTURE,0
2025-11-06,STRUCTURE,0
2025-11-05,STRUCTURE,0
2025-11-04,STRUCTURE,0
2025-11-03,STRUCTURE,0
2025-11-02,STRUCTURE,0
2025-11-01,STRUCTURE,0
2025-10-31,STRUCTURE,0
2025-10-30,STRUCTURE,0
2025-10-29,STRUCTURE,0
2025-10-28,STRUCTURE,0
2025-10-27,STRUCTURE,0
2025-10-26,STRUCTURE,0
2025-10-25,STRUCTURE,0
2025-10-24,STRUCTURE,0
2025-10-23,STRUCTURE,0
2025-10-22,STRUCTURE,0
2025-10-21,STRUCTURE,0
2025-10-20,STRUCTURE,0
2025-10-19,STRUCTURE,0
2025-10-18,STRUCTURE,0
2025-10-17,STRUCTURE,0
2025-10-16,STRUCTURE,0
2025-10-15,STRUCTURE,0
2025-10-14,STRUCTURE,0
2025-10-13,STRUCTURE,0
2025-10-12,STRUCTURE,0
2025-10-11,STRUCTURE,0
2025-10-10,STRUCTURE,0
2025-10-09,STRUCTURE,0
2025-10-08,STRUCTURE,0
2025-10-07,STRUCTURE,0
2025-10-06,STRUCTURE,0
2025-10-05,STRUCTURE,0
2025-10-04,STRUCTURE,0
2025-10-03,STRUCTURE,0
2025-10-02,STRUCTURE,0
2025-10-01,STRUCTURE,0
2025-09-30,STRUCTURE,0
2025-09-29,STRUCTURE,0
2025-09-28,STRUCTURE,0
2025-09-27,STRUCTURE,0
2025-09-26,STRUCTURE,0
2025-09-25,STRUCTURE,0
2025-09-24,STRUCTURE,0
2025-09-23,STRUCTURE,0
2025-09-22,STRUCTURE,0
2025-09-21,STRUCTURE,0
2025-09-20,STRUCTURE,0
2025-09-19,STRUCTURE,0
2025-09-18,STRUCTURE,0
2025-09-17,STRUCTURE,0
2025-09-16,STRUCTURE,0
2025-09-15,STRUCTURE,0
2025-09-14,STRUCTURE,0
2025-09-13,STRUCTURE,0
2025-09-12,STRUCTURE,0
2025-09-11,STRUCTURE,0
2025-09-10,STRUCTURE,0
2025-09-09,STRUCTURE,0
2025-09-08,STRUCTURE,0
2025-09-07,STRUCTURE,0
2025-09-06,STRUCTURE,0
2025-09-05,STRUCTURE,0
2025-09-04,STRUCTURE,0
2025-09-03,STRUCTURE,0
2025-09-02,STRUCTURE,0
2025-09-01,STRUCTURE,0
2025-08-31,STRUCTURE,0
2025-08-30,STRUCTURE,0
2025-08-29,STRUCTURE,0
2025-08-28,STRUCTURE,0
2026-02-02,HVAC,0
2026-02-01,HVAC,0
2026-01-31,HVAC,0
2026-01-30,HVAC,0
2026-01-29,HVAC,0
2026-01-28,HVAC,0
2026-01-27,HVAC,0
2026-01-26,HVAC,0
2026-01-25,HVAC,0
2026-01-24,HVAC,0
2026-01-23,HVAC,0
2026-01-22,HVAC,0
2026-01-21,HVAC,0
2026-01-20,HVAC,0
2026-01-19,HVAC,0
2026-01-18,HVAC,0
2026-01-17,HVAC,0
2026-01-16,HVAC,0
2026-01-15,HVAC,0
2026-01-14,HVAC,0
2026-01-13,HVAC,0
2026-01-12,HVAC,0
2026-01-11,HVAC,0
2026-01-10,HVAC,0
2026-01-09,HVAC,0
2026-01-08,HVAC,0
2026-01-07,HVAC,0
2026-01-06,HVAC,0
2026-01-05,HVAC,0
2026-01-04,HVAC,0
2026-01-03,HVAC,0
2026-01-02,HVAC,0
2026-01-01,HVAC,0
2025-12-31,HVAC,0
2025-12-30,HVAC,0
2025-12-29,HVAC,0
2025-12-28,HVAC,0
2025-12-27,HVAC,0
2025-12-26,HVAC,0
2025-12-25,HVAC,0
2025-12-24,HVAC,0
2025-12-23,HVAC,0
2025-12-22,HVAC,0
2025-12-21,HVAC,0
2025-12-20,HVAC,0
2025-12-19,HVAC,0
2025-12-18,HVAC,0
2025-12-17,HVAC,0
2025-12-16,HVAC,0
2025-12-15,HVAC,0
2025-12-14,HVAC,0
2025-12-13,HVAC,0
2025-12-12,HVAC,0
2025-12-11,HVAC,0
2025-12-10,HVAC,0
2025-12-09,HVAC,0
2025-12-08,HVAC,0
2025-12-07,HVAC,0
2025-12-06,HVAC,0
2025-12-05,HVAC,0
2025-12-04,HVAC,0
2025-12-03,HVAC,0
2025-12-02,HVAC,0
2025-12-01,HVAC,0
2025-11-30,HVAC,0
2025-11-29,HVAC,0
2025-11-28,HVAC,0
2025-11-27,HVAC,0
2025-11-26,HVAC,0
2025-11-25,HVAC,0
2025-11-24,HVAC,0
2025-11-23,HVAC,0
2025-11-22,HVAC,0
2025-11-21,HVAC,0
2025-11-20,HVAC,0
2025-11-19,HVAC,0
2025-11-18,HVAC,0
2025-11-17,HVAC,0
2025-11-16,HVAC,0
2025-11-15,HVAC,0
2025-11-14,HVAC,0
2025-11-13,HVAC,0
2025-11-12,HVAC,0
2025-11-11,HVAC,0
2025-11-10,HVAC,0
2025-11-09,HVAC,0
2025-11-08,HVAC,0
2025-11-07,HVAC,0
2025-11-06,HVAC,0
2025-11-05,HVAC,0
2025-11-04,HVAC,0
2025-11-03,HVAC,0
2025-11-02,HVAC,0
2025-11-01,HVAC,0
2025-10-31,HVAC,0
2025-10-30,HVAC,0
2025-10-29,HVAC,0
2025-10-28,HVAC,0
2025-10-27,HVAC,0
2025-10-26,HVAC,0
2025-10-25,HVAC,0
2025-10-24,HVAC,0
2025-10-23,HVAC,0
2025-10-22,HVAC,0
2025-10-21,HVAC,0
2025-10-20,HVAC,0
2025-10-19,HVAC,0
2025-10-18,HVAC,0
2025-10-17,HVAC,0
2025-10-16,HVAC,0
2025-10-15,HVAC,0
2025-10-14,HVAC,0
2025-10-13,HVAC,0
2025-10-12,HVAC,0
2025-10-11,HVAC,0
2025-10-10,HVAC,0
2025-10-09,HVAC,0
2025-10-08,HVAC,0
2025-10-07,HVAC,0
2025-10-06,HVAC,0
2025-10-05,HVAC,0
2025-10-04,HVAC,0
2025-10-03,HVAC,0
2025-10-02,HVAC,0
2025-10-01,HVAC,0
2025-09-30,HVAC,0
2025-09-29,HVAC,0
2025-09-28,HVAC,0
2025-09-27,HVAC,0
2025-09-26,HVAC,0
2025-09-25,HVAC,0
2025-09-24,HVAC,0
2025-09-23,HVAC,0
2025-09-22,HVAC,0
2025-09-21,HVAC,0
2025-09-20,HVAC,0
2025-09-19,HVAC,0
2025-09-18,HVAC,0
2025-09-17,HVAC,0
2025-09-16,HVAC,0
2025-09-15,HVAC,0
2025-09-14,HVAC,0
2025-09-13,HVAC,0
2025-09-12,HVAC,0
2025-09-11,HVAC,0
2025-09-10,HVAC,0
2025-09-09,HVAC,0
2025-09-08,HVAC,0
2025-09-07,HVAC,0
2025-09-06,HVAC,0
2025-09-05,HVAC,0
2025-09-04,HVAC,0
2025-09-03,HVAC,0
2025-09-02,HVAC,0
2025-09-01,HVAC,0
2025-08-31,HVAC,0
2025-08-30,HVAC,0
2025-08-29,HVAC,0
2025-08-28,HVAC,0
2025-08-27,HVAC,0
2025-08-26,HVAC,0
2025-08-25,HVAC,0
2025-08-24,HVAC,0
2025-08-23,HVAC,0
2025-08-22,HVAC,0
2025-08-21,HVAC,0
2025-08-20,HVAC,0
2025-08-19,HVAC,0
2025-08-18,HVAC,0
2025-08-17,HVAC,0
2025-08-16,HVAC,0
2025-08-15,HVAC,0
2025-08-14,HVAC,0
2025-08-13,HVAC,0
2025-08-12,HVAC,0
2025-08-11,HVAC,0
2025-08-10,HVAC,0
2025-08-09,HVAC,0
2025-08-08,HVAC,0
2025-08-07,HVAC,0
2025-08-06,HVAC,0
2025-08-05,HVAC,0
2025-08-04,HVAC,0
2025-08-03,HVAC,0
2025-08-02,HVAC,0
2025-08-01,HVAC,0
2025-07-31,HVAC,0
2025-07-30,HVAC,0
2025-07-29,HVAC,0
2025-07-28,HVAC,0
2025-07-27,HVAC,0
2025-07-26,HVAC,0
2025-07-25,HVAC,0
2025-07-24,HVAC,0
2025-07-23,HVAC,0
2025-07-22,HVAC,0
2025-07-21,HVAC,0
2025-07-20,HVAC,0
2025-07-19,HVAC,0
2025-07-18,HVAC,0
2025-07-17,HVAC,0
2025-07-16,HVAC,0
2025-07-15,HVAC,0
2025-07-14,HVAC,0
2025-07-13,HVAC,0
2025-07-12,HVAC,0
2025-07-11,HVAC,0
2025-07-10,HVAC,0
2025-07-09,HVAC,0
2025-07-08,HVAC,0
2025-07-07,HVAC,0
2025-07-06,HVAC,0
2025-08-27,STRUCTURE,0
2025-08-26,STRUCTURE,0
2025-08-25,STRUCTURE,0
2025-08-24,STRUCTURE,0
2025-08-23,STRUCTURE,0
2025-08-22,STRUCTURE,0
2025-08-21,STRUCTURE,0
2025-08-20,STRUCTURE,0
2025-08-19,STRUCTURE,0
2025-08-18,STRUCTURE,0
2025-08-17,STRUCTURE,0
2025-08-16,STRUCTURE,0
2025-08-15,STRUCTURE,0
2025-08-14,STRUCTURE,0
2025-08-13,STRUCTURE,0
2025-08-12,STRUCTURE,0
2025-08-11,STRUCTURE,0
2025-08-10,STRUCTURE,0
2025-08-09,STRUCTURE,0
2025-08-08,STRUCTURE,0
2025-08-07,STRUCTURE,0
2025-08-06,STRUCTURE,0
2025-08-05,STRUCTURE,0
2025-08-04,STRUCTURE,0
2025-08-03,STRUCTURE,0
2025-08-02,STRUCTURE,0
2025-08-01,STRUCTURE,0
2025-07-31,STRUCTURE,0
2025-07-30,STRUCTURE,0
2025-07-29,STRUCTURE,0
2025-07-28,STRUCTURE,0
2025-07-27,STRUCTURE,0
2025-07-26,STRUCTURE,0
2025-07-25,STRUCTURE,0
2025-07-24,STRUCTURE,0
2025-07-23,STRUCTURE,0
2025-07-22,STRUCTURE,0
2025-07-21,STRUCTURE,0
2025-07-20,STRUCTURE,0
2025-07-19,STRUCTURE,0
2025-07-18,STRUCTURE,0
2025-07-17,STRUCTURE,0
2025-07-16,STRUCTURE,0
2025-07-15,STRUCTURE,0
2025-07-14,STRUCTURE,0
2025-07-13,STRUCTURE,0
2025-07-12,STRUCTURE,0
2025-07-11,STRUCTURE,0
2025-07-10,STRUCTURE,0
2025-07-09,STRUCTURE,0
2025-07-08,STRUCTURE,0
2025-07-07,STRUCTURE,0
2025-07-06,STRUCTURE,0
2025-07-05,STRUCTURE,0
2025-07-04,STRUCTURE,0
2025-07-03,STRUCTURE,0
2025-07-02,STRUCTURE,0
2025-07-01,STRUCTURE,0
2025-06-30,STRUCTURE,0
2025-06-29,STRUCTURE,0
2025-06-28,STRUCTURE,0
2025-06-27,STRUCTURE,0
2025-06-26,STRUCTURE,0
2025-06-25,STRUCTURE,0
2025-06-24,STRUCTURE,0
2025-06-23,STRUCTURE,0
2025-06-22,STRUCTURE,0
2025-06-21,STRUCTURE,0
2025-06-20,STRUCTURE,0
2025-06-19,STRUCTURE,0
2025-06-18,STRUCTURE,0
2025-06-17,STRUCTURE,0
2025-06-16,STRUCTURE,0
2025-06-15,STRUCTURE,0
2025-06-14,STRUCTURE,0
2025-06-13,STRUCTURE,0
2025-06-12,STRUCTURE,0
2025-06-11,STRUCTURE,0
2025-06-10,STRUCTURE,0
2025-06-09,STRUCTURE,0
2025-06-08,STRUCTURE,0
2025-06-07,STRUCTURE,0
2025-06-06,STRUCTURE,0
2025-06-05,STRUCTURE,0
2025-06-04,STRUCTURE,0
2025-06-03,STRUCTURE,0
2025-06-02,STRUCTURE,0
2025-06-01,STRUCTURE,0
2025-05-31,STRUCTURE,0
2025-05-30,STRUCTURE,0
2025-05-29,STRUCTURE,0
2025-05-28,STRUCTURE,0
2025-05-27,STRUCTURE,0
2025-05-26,STRUCTURE,0
2025-05-25,STRUCTURE,0
2025-05-24,STRUCTURE,0
2025-05-23,STRUCTURE,0
2025-05-22,STRUCTURE,0
2025-05-21,STRUCTURE,0
2025-05-20,STRUCTURE,0
2025-05-19,STRUCTURE,0
2025-05-18,STRUCTURE,0
2025-05-17,STRUCTURE,0
2025-05-16,STRUCTURE,0
2025-05-15,STRUCTURE,0
2025-05-14,STRUCTURE,0
2025-05-13,STRUCTURE,0
2025-05-12,STRUCTURE,0
2025-05-11,STRUCTURE,0
2025-05-10,STRUCTURE,0
2025-05-09,STRUCTURE,0
2025-05-08,STRUCTURE,0
2025-05-07,STRUCTURE,0
2025-05-06,STRUCTURE,0
2025-05-05,STRUCTURE,0
2025-05-04,STRUCTURE,0
2025-05-03,STRUCTURE,0
2025-05-02,STRUCTURE,0
2025-05-01,STRUCTURE,0
2025-04-30,STRUCTURE,0
2025-04-29,STRUCTURE,0
2025-04-28,STRUCTURE,0
2025-04-27,STRUCTURE,0
2025-04-26,STRUCTURE,0
2025-04-25,STRUCTURE,0
2025-04-24,STRUCTURE,0
2025-04-23,STRUCTURE,0
2025-04-22,STRUCTURE,0
2025-04-21,STRUCTURE,0
2025-04-20,STRUCTURE,0
2025-04-19,STRUCTURE,0
2025-04-18,STRUCTURE,0
2025-04-17,STRUCTURE,0
2025-04-16,STRUCTURE,0
2025-04-15,STRUCTURE,0
2025-04-14,STRUCTURE,0
2025-04-13,STRUCTURE,0
2025-04-12,STRUCTURE,0
2025-04-11,STRUCTURE,0
2025-04-10,STRUCTURE,0
2025-04-09,STRUCTURE,0
2025-04-08,STRUCTURE,0
2025-04-07,STRUCTURE,0
2025-04-06,STRUCTURE,0
2025-04-05,STRUCTURE,0
2025-04-04,STRUCTURE,0
2025-04-03,STRUCTURE,0
2025-04-02,STRUCTURE,0
2025-04-01,STRUCTURE,0
2025-03-31,STRUCTURE,0
2025-03-30,STRUCTURE,0
2025-03-29,STRUCTURE,0
2025-03-28,STRUCTURE,0
2025-03-27,STRUCTURE,0
2025-03-26,STRUCTURE,0
2025-03-25,STRUCTURE,0
2025-03-24,STRUCTURE,0
2025-03-23,STRUCTURE,0
2025-03-22,STRUCTURE,0
2025-03-21,STRUCTURE,0
2025-03-20,STRUCTURE,0
2025-03-19,STRUCTURE,0
2025-03-18,STRUCTURE,0
2025-03-17,STRUCTURE,0
2025-03-16,STRUCTURE,0
2025-03-15,STRUCTURE,0
2025-03-14,STRUCTURE,0
2025-03-13,STRUCTURE,0
2025-03-12,STRUCTURE,0
2025-03-11,STRUCTURE,0
2025-03-10,STRUCTURE,0
2025-03-09,STRUCTURE,0
2025-03-08,STRUCTURE,0
2025-03-07,STRUCTURE,0
2025-03-06,STRUCTURE,0
2025-03-05,STRUCTURE,0
2025-03-04,STRUCTURE,0
2025-03-03,STRUCTURE,0
2025-03-02,STRUCTURE,0
2025-03-01,STRUCTURE,0
2025-02-28,STRUCTURE,0
2025-02-27,STRUCTURE,0
2025-02-26,STRUCTURE,0
2025-02-25,STRUCTURE,0
2025-02-24,STRUCTURE,0
2025-02-23,STRUCTURE,0
2025-02-22,STRUCTURE,0
2025-02-21,STRUCTURE,0
2025-02-20,STRUCTURE,0
2025-02-19,STRUCTURE,0
2025-02-18,STRUCTURE,0
2025-02-17,STRUCTURE,0
2025-02-16,STRUCTURE,0
2025-02-15,STRUCTURE,0
2025-02-14,STRUCTURE,0
2025-02-13,STRUCTURE,0
2025-02-12,STRUCTURE,0
2025-02-11,STRUCTURE,0
2025-02-10,STRUCTURE,0
2025-02-09,STRUCTURE,0
2025-02-08,STRUCTURE,0
2025-02-07,STRUCTURE,0
2025-02-06,STRUCTURE,0
2025-02-05,STRUCTURE,0
2025-02-04,STRUCTURE,0
2025-02-03,STRUCTURE,0
2025-07-05,HVAC,0
2025-07-04,HVAC,0
2025-07-03,HVAC,0
2025-07-02,HVAC,0
2025-07-01,HVAC,0
2025-06-30,HVAC,0
2025-06-29,HVAC,0
2025-06-28,HVAC,0
2025-06-27,HVAC,0
2025-06-26,HVAC,0
2025-06-25,HVAC,0
2025-06-24,HVAC,0
2025-06-23,HVAC,0
2025-06-22,HVAC,0
2025-06-21,HVAC,0
2025-06-20,HVAC,0
2025-06-19,HVAC,0
2025-06-18,HVAC,0
2025-06-17,HVAC,0
2025-06-16,HVAC,0
2025-06-15,HVAC,0
2025-06-14,HVAC,0
2025-06-13,HVAC,0
2025-06-12,HVAC,0
2025-06-11,HVAC,0
2025-06-10,HVAC,0
2025-06-09,HVAC,0
2025-06-08,HVAC,0
2025-06-07,HVAC,0
2025-06-06,HVAC,0
2025-06-05,HVAC,0
2025-06-04,HVAC,0
2025-06-03,HVAC,0
2025-06-02,HVAC,0
2025-06-01,HVAC,0
2025-05-31,HVAC,0
2025-05-30,HVAC,0
2025-05-29,HVAC,0
2025-05-28,HVAC,0
2025-05-27,HVAC,0
2025-05-26,HVAC,0
2025-05-25,HVAC,0
2025-05-24,HVAC,0
2025-05-23,HVAC,0
2025-05-22,HVAC,0
2025-05-21,HVAC,0
2025-05-20,HVAC,0
2025-05-19,HVAC,0
2025-05-18,HVAC,0
2025-05-17,HVAC,0
2025-05-16,HVAC,0
2025-05-15,HVAC,0
2025-05-14,HVAC,0
2025-05-13,HVAC,0
2025-05-12,HVAC,0
2025-05-11,HVAC,0
2025-05-10,HVAC,0
2025-05-09,HVAC,0
2025-05-08,HVAC,0
2025-05-07,HVAC,0
2025-05-06,HVAC,0
2025-05-05,HVAC,0
2025-05-04,HVAC,0
2025-05-03,HVAC,0
2025-05-02,HVAC,0
2025-05-01,HVAC,0
2025-04-30,HVAC,0
2025-04-29,HVAC,0
2025-04-28,HVAC,0
2025-04-27,HVAC,0
2025-04-26,HVAC,0
2025-04-25,HVAC,0
2025-04-24,HVAC,0
2025-04-23,HVAC,0
2025-04-22,HVAC,0
2025-04-21,HVAC,0
2025-04-20,HVAC,0
2025-04-19,HVAC,0
2025-04-18,HVAC,0
2025-04-17,HVAC,0
2025-04-16,HVAC,0
2025-04-15,HVAC,0
2025-04-14,HVAC,0
2025-04-13,HVAC,0
2025-04-12,HVAC,0
2025-04-11,HVAC,0
2025-04-10,HVAC,0
2025-04-09,HVAC,0
2025-04-08,HVAC,0
2025-04-07,HVAC,0
2025-04-06,HVAC,0
2025-04-05,HVAC,0
2025-04-04,HVAC,0
2025-04-03,HVAC,0
2025-04-02,HVAC,0
2025-04-01,HVAC,0
2025-03-31,HVAC,0
2025-03-30,HVAC,0
2025-03-29,HVAC,0
2025-03-28,HVAC,0
2025-03-27,HVAC,0
2025-03-26,HVAC,0
2025-03-25,HVAC,0
2025-03-24,HVAC,0
2025-03-23,HVAC,0
2025-03-22,HVAC,0
2025-03-21,HVAC,0
2025-03-20,HVAC,0
2025-03-19,HVAC,0
2025-03-18,HVAC,0
2025-03-17,HVAC,0
2025-03-16,HVAC,0
2025-03-15,HVAC,0
2025-03-14,HVAC,0
2025-03-13,HVAC,0
2025-03-12,HVAC,0
2025-03-11,HVAC,0
2025-03-10,HVAC,0
2025-03-09,HVAC,0
2025-03-08,HVAC,0
2025-03-07,HVAC,0
2025-03-06,HVAC,0
2025-03-05,HVAC,0
2025-03-04,HVAC,0
2025-03-03,HVAC,0
2025-03-02,HVAC,0
2025-03-01,HVAC,0
2025-02-28,HVAC,0
2025-02-27,HVAC,0
2025-02-26,HVAC,0
2025-02-25,HVAC,0
2025-02-24,HVAC,0
2025-02-23,HVAC,0
2025-02-22,HVAC,0
2025-02-21,HVAC,0
2025-02-20,HVAC,0
2025-02-19,HVAC,0
2025-02-18,HVAC,0
2025-02-17,HVAC,0
2025-02-16,HVAC,0
2025-02-15,HVAC,0
2025-02-14,HVAC,0
2025-02-13,HVAC,0
2025-02-12,HVAC,0
2025-02-11,HVAC,0
2025-02-10,HVAC,0
2025-02-09,HVAC,0
2025-02-08,HVAC,0
2025-02-07,HVAC,0
2025-02-06,HVAC,0
2025-02-05,HVAC,0
2025-02-04,HVAC,0
2025-02-03,HVAC,0
2025-12-20,MECHANICAL(ROTARY),2
2025-12-23,MECHANICAL(ROTARY),32
2026-01-24,MECHANICAL(ROTARY),17
2025-09-27,MECHANICAL(ROTARY),3
2026-01-27,MECHANICAL(ROTARY),8
2026-01-30,MECHANICAL(ROTARY),5
2026-01-22,MECHANICAL(ROTARY),31
2026-01-25,MECHANICAL(ROTARY),8
2026-01-28,MECHANICAL(ROTARY),2
2025-02-03,MECHANICAL(ROTARY),0
2025-02-04,MECHANICAL(ROTARY),0
2025-02-05,MECHANICAL(ROTARY),0
2025-02-06,MECHANICAL(ROTARY),0
2025-02-07,MECHANICAL(ROTARY),0
2025-02-08,MECHANICAL(ROTARY),0
2025-02-09,MECHANICAL(ROTARY),0
2025-02-10,MECHANICAL(ROTARY),0
2025-02-11,MECHANICAL(ROTARY),0
2025-02-12,MECHANICAL(ROTARY),0
2025-02-13,MECHANICAL(ROTARY),0
2025-02-14,MECHANICAL(ROTARY),0
2025-02-15,MECHANICAL(ROTARY),0
2025-02-16,MECHANICAL(ROTARY),0
2025-02-17,MECHANICAL(ROTARY),0
2025-02-18,MECHANICAL(ROTARY),0
2025-02-19,MECHANICAL(ROTARY),0
2025-02-20,MECHANICAL(ROTARY),0
2025-02-21,MECHANICAL(ROTARY),0
2025-02-22,MECHANICAL(ROTARY),0
2025-02-23,MECHANICAL(ROTARY),0
2025-02-24,MECHANICAL(ROTARY),0
2025-02-25,MECHANICAL(ROTARY),0
2025-02-26,MECHANICAL(ROTARY),0
2025-02-27,MECHANICAL(ROTARY),0
2025-02-28,MECHANICAL(ROTARY),0
2025-03-01,MECHANICAL(ROTARY),0
2025-03-02,MECHANICAL(ROTARY),0
2025-03-03,MECHANICAL(ROTARY),0
2025-03-04,MECHANICAL(ROTARY),0
2025-03-05,MECHANICAL(ROTARY),0
2025-03-06,MECHANICAL(ROTARY),0
2025-03-07,MECHANICAL(ROTARY),0
2025-03-08,MECHANICAL(ROTARY),0
2025-03-09,MECHANICAL(ROTARY),0
2025-03-10,MECHANICAL(ROTARY),0
2025-03-11,MECHANICAL(ROTARY),0
2025-03-12,MECHANICAL(ROTARY),0
2025-03-13,MECHANICAL(ROTARY),0
2025-03-14,MECHANICAL(ROTARY),0
2025-03-15,MECHANICAL(ROTARY),0
2025-03-16,MECHANICAL(ROTARY),0
2025-03-17,MECHANICAL(ROTARY),0
2025-03-18,MECHANICAL(ROTARY),0
2025-03-19,MECHANICAL(ROTARY),0
2025-03-20,MECHANICAL(ROTARY),0
2025-03-21,MECHANICAL(ROTARY),0
2025-03-22,MECHANICAL(ROTARY),0
2025-03-23,MECHANICAL(ROTARY),0
2025-03-24,MECHANICAL(ROTARY),0
2025-03-25,MECHANICAL(ROTARY),0
2025-03-26,MECHANICAL(ROTARY),0
2025-03-27,MECHANICAL(ROTARY),0
2025-03-28,MECHANICAL(ROTARY),0
2025-03-29,MECHANICAL(ROTARY),0
2025-03-30,MECHANICAL(ROTARY),0
2025-03-31,MECHANICAL(ROTARY),0
2025-04-01,MECHANICAL(ROTARY),0
2025-04-02,MECHANICAL(ROTARY),0
2025-04-03,MECHANICAL(ROTARY),0
2025-04-04,MECHANICAL(ROTARY),0
2025-04-05,MECHANICAL(ROTARY),0
2025-04-06,MECHANICAL(ROTARY),0
2025-04-07,MECHANICAL(ROTARY),0
2025-04-08,MECHANICAL(ROTARY),0
2025-04-09,MECHANICAL(ROTARY),0
2025-04-10,MECHANICAL(ROTARY),0
2025-04-11,MECHANICAL(ROTARY),0
2025-04-12,MECHANICAL(ROTARY),0
2025-04-13,MECHANICAL(ROTARY),0
2025-04-14,MECHANICAL(ROTARY),0
2025-04-15,MECHANICAL(ROTARY),0
2025-04-16,MECHANICAL(ROTARY),0
2025-04-17,MECHANICAL(ROTARY),0
2025-04-18,MECHANICAL(ROTARY),0
2025-04-19,MECHANICAL(ROTARY),0
2025-04-20,MECHANICAL(ROTARY),0
2025-04-21,MECHANICAL(ROTARY),0
2025-04-22,MECHANICAL(ROTARY),0
2025-04-23,MECHANICAL(ROTARY),0
2025-04-24,MECHANICAL(ROTARY),0
2025-04-25,MECHANICAL(ROTARY),0
2025-04-26,MECHANICAL(ROTARY),0
2025-04-27,MECHANICAL(ROTARY),0
2025-04-28,MECHANICAL(ROTARY),0
2025-04-29,MECHANICAL(ROTARY),0
2025-04-30,MECHANICAL(ROTARY),0
2025-05-01,MECHANICAL(ROTARY),0
2025-05-02,MECHANICAL(ROTARY),0
2025-05-03,MECHANICAL(ROTARY),0
2025-05-04,MECHANICAL(ROTARY),0
2025-05-05,MECHANICAL(ROTARY),0
2025-05-06,MECHANICAL(ROTARY),0
2025-05-07,MECHANICAL(ROTARY),0
2025-05-08,MECHANICAL(ROTARY),0
2025-05-09,MECHANICAL(ROTARY),0
2025-05-10,MECHANICAL(ROTARY),0
2025-05-11,MECHANICAL(ROTARY),0
2025-05-12,MECHANICAL(ROTARY),0
2025-05-13,MECHANICAL(ROTARY),0
2025-05-14,MECHANICAL(ROTARY),0
2025-05-15,MECHANICAL(ROTARY),0
2025-05-16,MECHANICAL(ROTARY),0
2025-05-17,MECHANICAL(ROTARY),0
2025-05-18,MECHANICAL(ROTARY),0
2025-05-19,MECHANICAL(ROTARY),0
2025-05-20,MECHANICAL(ROTARY),0
2025-05-21,MECHANICAL(ROTARY),0
2025-05-22,MECHANICAL(ROTARY),0
2025-05-23,MECHANICAL(ROTARY),0
2025-05-24,MECHANICAL(ROTARY),0
2025-05-25,MECHANICAL(ROTARY),0
2025-05-26,MECHANICAL(ROTARY),0
2025-05-27,MECHANICAL(ROTARY),0
2025-05-28,MECHANICAL(ROTARY),0
2025-05-29,MECHANICAL(ROTARY),0
2025-05-30,MECHANICAL(ROTARY),0
2025-05-31,MECHANICAL(ROTARY),0
2025-06-01,MECHANICAL(ROTARY),0
2025-06-02,MECHANICAL(ROTARY),0
2025-06-03,MECHANICAL(ROTARY),0
2025-06-04,MECHANICAL(ROTARY),0
2025-06-05,MECHANICAL(ROTARY),0
2025-06-06,MECHANICAL(ROTARY),0
2025-06-07,MECHANICAL(ROTARY),0
2025-06-08,MECHANICAL(ROTARY),0
2025-06-09,MECHANICAL(ROTARY),0
2025-06-10,MECHANICAL(ROTARY),0
2025-06-11,MECHANICAL(ROTARY),0
2025-06-12,MECHANICAL(ROTARY),0
2025-06-13,MECHANICAL(ROTARY),0
2025-06-14,MECHANICAL(ROTARY),0
2025-06-15,MECHANICAL(ROTARY),0
2025-06-16,MECHANICAL(ROTARY),0
2025-06-17,MECHANICAL(ROTARY),0
2025-06-18,MECHANICAL(ROTARY),0
2025-06-19,MECHANICAL(ROTARY),0
2025-06-20,MECHANICAL(ROTARY),0
2025-06-21,MECHANICAL(ROTARY),0
2025-06-22,MECHANICAL(ROTARY),0
2025-06-23,MECHANICAL(ROTARY),0
2025-06-24,MECHANICAL(ROTARY),0
2025-06-25,MECHANICAL(ROTARY),0
2025-06-26,MECHANICAL(ROTARY),0
2025-06-27,MECHANICAL(ROTARY),0
2025-06-28,MECHANICAL(ROTARY),0
2025-06-29,MECHANICAL(ROTARY),0
2025-06-30,MECHANICAL(ROTARY),0
2025-07-01,MECHANICAL(ROTARY),0
2025-07-02,MECHANICAL(ROTARY),0
2025-07-03,MECHANICAL(ROTARY),0
2025-07-04,MECHANICAL(ROTARY),0
2025-07-05,MECHANICAL(ROTARY),0
2025-07-06,MECHANICAL(ROTARY),0
2025-07-07,MECHANICAL(ROTARY),0
2025-07-08,MECHANICAL(ROTARY),0
2025-07-09,MECHANICAL(ROTARY),0
2025-07-10,MECHANICAL(ROTARY),0
2025-07-11,MECHANICAL(ROTARY),0
2025-07-12,MECHANICAL(ROTARY),0
2025-07-13,MECHANICAL(ROTARY),0
2025-07-14,MECHANICAL(ROTARY),0
2025-07-15,MECHANICAL(ROTARY),0
2025-07-16,MECHANICAL(ROTARY),0
2025-07-17,MECHANICAL(ROTARY),0
2025-07-18,MECHANICAL(ROTARY),0
2025-07-19,MECHANICAL(ROTARY),0
2025-07-20,MECHANICAL(ROTARY),0
2025-07-21,MECHANICAL(ROTARY),0
2025-07-22,MECHANICAL(ROTARY),0
2025-07-23,MECHANICAL(ROTARY),0
2025-07-24,MECHANICAL(ROTARY),0
2025-07-25,MECHANICAL(ROTARY),0
2025-07-26,MECHANICAL(ROTARY),0
2025-07-27,MECHANICAL(ROTARY),0
2025-07-28,MECHANICAL(ROTARY),0
2025-07-29,MECHANICAL(ROTARY),0
2025-07-30,MECHANICAL(ROTARY),0
2025-07-31,MECHANICAL(ROTARY),0
2025-08-01,MECHANICAL(ROTARY),0
2025-08-02,MECHANICAL(ROTARY),0
2025-08-03,MECHANICAL(ROTARY),0
2025-08-04,MECHANICAL(ROTARY),0
2025-08-05,MECHANICAL(ROTARY),0
2025-08-06,MECHANICAL(ROTARY),0
2025-08-07,MECHANICAL(ROTARY),0
2025-08-08,MECHANICAL(ROTARY),0
2025-08-09,MECHANICAL(ROTARY),0
2025-08-10,MECHANICAL(ROTARY),0
2025-08-11,MECHANICAL(ROTARY),0
2025-08-12,MECHANICAL(ROTARY),0
2025-08-13,MECHANICAL(ROTARY),0
2025-08-14,MECHANICAL(ROTARY),0
2025-08-15,MECHANICAL(ROTARY),0
2025-08-16,MECHANICAL(ROTARY),0
2025-08-17,MECHANICAL(ROTARY),0
2025-08-18,MECHANICAL(ROTARY),0
2025-08-19,MECHANICAL(ROTARY),0
2025-08-20,MECHANICAL(ROTARY),0
2025-08-21,MECHANICAL(ROTARY),0
2025-08-22,MECHANICAL(ROTARY),0
2025-08-23,MECHANICAL(ROTARY),0
2025-08-24,MECHANICAL(ROTARY),0
2025-08-25,MECHANICAL(ROTARY),0
2025-08-26,MECHANICAL(ROTARY),0
2025-08-27,MECHANICAL(ROTARY),0
2025-08-28,MECHANICAL(ROTARY),0
2025-08-29,MECHANICAL(ROTARY),0
2025-08-30,MECHANICAL(ROTARY),0
2025-08-31,MECHANICAL(ROTARY),0
2025-09-01,MECHANICAL(ROTARY),0
2025-09-02,MECHANICAL(ROTARY),0
2025-09-03,MECHANICAL(ROTARY),0
2025-09-04,MECHANICAL(ROTARY),0
2025-09-05,MECHANICAL(ROTARY),0
2025-09-06,MECHANICAL(ROTARY),0
2025-09-07,MECHANICAL(ROTARY),0
2025-09-08,MECHANICAL(ROTARY),0
2025-09-09,MECHANICAL(ROTARY),0
2025-09-10,MECHANICAL(ROTARY),0
2025-09-11,MECHANICAL(ROTARY),0
2025-09-12,MECHANICAL(ROTARY),0
2025-09-13,MECHANICAL(ROTARY),0
2025-09-14,MECHANICAL(ROTARY),0
2025-09-15,MECHANICAL(ROTARY),0
2025-09-16,MECHANICAL(ROTARY),0
2025-09-17,MECHANICAL(ROTARY),0
2025-09-18,MECHANICAL(ROTARY),0
2025-09-19,MECHANICAL(ROTARY),0
2025-09-20,MECHANICAL(ROTARY),0
2025-09-21,MECHANICAL(ROTARY),0
2025-09-22,MECHANICAL(ROTARY),0
2025-09-23,MECHANICAL(ROTARY),0
2025-09-24,MECHANICAL(ROTARY),0
2025-09-25,MECHANICAL(ROTARY),0
2025-09-26,MECHANICAL(ROTARY),0
2025-09-28,MECHANICAL(ROTARY),0
2025-09-29,MECHANICAL(ROTARY),0
2025-09-30,MECHANICAL(ROTARY),0
2025-10-01,MECHANICAL(ROTARY),0
2025-10-02,MECHANICAL(ROTARY),0
2025-10-03,MECHANICAL(ROTARY),0
2025-10-04,MECHANICAL(ROTARY),0
2025-10-05,MECHANICAL(ROTARY),0
2025-10-06,MECHANICAL(ROTARY),0
2025-10-07,MECHANICAL(ROTARY),0
2025-10-08,MECHANICAL(ROTARY),0
2025-10-09,MECHANICAL(ROTARY),0
2025-10-10,MECHANICAL(ROTARY),0
2025-10-11,MECHANICAL(ROTARY),0
2025-10-12,MECHANICAL(ROTARY),0
2025-10-13,MECHANICAL(ROTARY),0
2025-10-14,MECHANICAL(ROTARY),0
2025-10-15,MECHANICAL(ROTARY),0
2025-10-16,MECHANICAL(ROTARY),0
2025-10-17,MECHANICAL(ROTARY),0
2025-10-18,MECHANICAL(ROTARY),0
2025-10-19,MECHANICAL(ROTARY),0
2025-10-20,MECHANICAL(ROTARY),0
2025-10-21,MECHANICAL(ROTARY),0
2025-10-22,MECHANICAL(ROTARY),0
2025-10-23,MECHANICAL(ROTARY),0
2025-10-24,MECHANICAL(ROTARY),0
2025-10-25,MECHANICAL(ROTARY),0
2025-10-26,MECHANICAL(ROTARY),0
2025-10-27,MECHANICAL(ROTARY),0
2025-10-28,MECHANICAL(ROTARY),0
2025-10-29,MECHANICAL(ROTARY),0
2025-10-30,MECHANICAL(ROTARY),0
2025-10-31,MECHANICAL(ROTARY),0
2025-11-01,MECHANICAL(ROTARY),0
2025-11-02,MECHANICAL(ROTARY),0
2025-11-03,MECHANICAL(ROTARY),0
2025-11-04,MECHANICAL(ROTARY),0
2025-11-05,MECHANICAL(ROTARY),0
2025-11-06,MECHANICAL(ROTARY),0
2025-11-07,MECHANICAL(ROTARY),0
2025-11-08,MECHANICAL(ROTARY),0
2025-11-09,MECHANICAL(ROTARY),0
2025-11-10,MECHANICAL(ROTARY),0
2025-11-11,MECHANICAL(ROTARY),0
2025-11-12,MECHANICAL(ROTARY),0
2025-11-13,MECHANICAL(ROTARY),0
2025-11-14,MECHANICAL(ROTARY),0
2025-11-15,MECHANICAL(ROTARY),0
2025-11-16,MECHANICAL(ROTARY),0
2025-11-17,MECHANICAL(ROTARY),0
2025-11-18,MECHANICAL(ROTARY),0
2025-11-19,MECHANICAL(ROTARY),0
2025-11-20,MECHANICAL(ROTARY),0
2025-11-21,MECHANICAL(ROTARY),0
2025-11-22,MECHANICAL(ROTARY),0
2025-11-23,MECHANICAL(ROTARY),0
2025-11-24,MECHANICAL(ROTARY),0
2025-11-25,MECHANICAL(ROTARY),0
2025-11-26,MECHANICAL(ROTARY),0
2025-11-27,MECHANICAL(ROTARY),0
2025-11-28,MECHANICAL(ROTARY),0
2025-11-29,MECHANICAL(ROTARY),0
2025-11-30,MECHANICAL(ROTARY),0
2025-12-01,MECHANICAL(ROTARY),0
2025-12-02,MECHANICAL(ROTARY),0
2025-12-03,MECHANICAL(ROTARY),0
2025-12-04,MECHANICAL(ROTARY),0
2025-12-05,MECHANICAL(ROTARY),0
2025-12-06,MECHANICAL(ROTARY),0
2025-12-07,MECHANICAL(ROTARY),0
2025-12-08,MECHANICAL(ROTARY),0
2025-12-09,MECHANICAL(ROTARY),0
2025-12-10,MECHANICAL(ROTARY),0
2025-12-11,MECHANICAL(ROTARY),0
2025-12-12,MECHANICAL(ROTARY),0
2025-12-13,MECHANICAL(ROTARY),0
2025-12-14,MECHANICAL(ROTARY),0
2025-12-15,MECHANICAL(ROTARY),0
2025-12-16,MECHANICAL(ROTARY),0
2025-12-17,MECHANICAL(ROTARY),0
2025-12-18,MECHANICAL(ROTARY),0
2025-12-19,MECHANICAL(ROTARY),0
2025-12-21,MECHANICAL(ROTARY),0
2025-12-22,MECHANICAL(ROTARY),0
2025-12-24,MECHANICAL(ROTARY),0
2025-12-25,MECHANICAL(ROTARY),0
2025-12-26,MECHANICAL(ROTARY),0
2025-12-27,MECHANICAL(ROTARY),0
2025-12-28,MECHANICAL(ROTARY),0
2025-12-29,MECHANICAL(ROTARY),0
2025-12-30,MECHANICAL(ROTARY),0
2025-12-31,MECHANICAL(ROTARY),0
2026-01-01,MECHANICAL(ROTARY),0
2026-01-02,MECHANICAL(ROTARY),0
2026-01-03,MECHANICAL(ROTARY),0
2026-01-04,MECHANICAL(ROTARY),0
2026-01-05,MECHANICAL(ROTARY),0
2026-01-06,MECHANICAL(ROTARY),0
2026-01-07,MECHANICAL(ROTARY),0
2026-01-08,MECHANICAL(ROTARY),0
2026-01-09,MECHANICAL(ROTARY),0
2026-01-10,MECHANICAL(ROTARY),0
2026-01-11,MECHANICAL(ROTARY),0
2026-01-12,MECHANICAL(ROTARY),0
2026-01-13,MECHANICAL(ROTARY),0
2026-01-14,MECHANICAL(ROTARY),0
2026-01-15,MECHANICAL(ROTARY),0
2026-01-16,MECHANICAL(ROTARY),0
2026-01-17,MECHANICAL(ROTARY),0
2026-01-18,MECHANICAL(ROTARY),0
2026-01-19,MECHANICAL(ROTARY),0
2026-01-20,MECHANICAL(ROTARY),0
2026-01-21,MECHANICAL(ROTARY),0
2026-01-23,MECHANICAL(ROTARY),0
2026-01-26,MECHANICAL(ROTARY),0
2026-01-29,MECHANICAL(ROTARY),0
2026-01-31,MECHANICAL(ROTARY),0
2026-02-01,MECHANICAL(ROTARY),0
2026-02-02,MECHANICAL(ROTARY),0
2025-11-12,CIVIL,2
2026-01-12,CIVIL,9
2025-11-26,CIVIL,2
2025-12-25,CIVIL,12
2026-01-23,CIVIL,1
2025-12-22,CIVIL,26
2025-10-30,CIVIL,1
2025-12-24,CIVIL,11
2025-12-27,CIVIL,56
2026-01-16,CIVIL,126
2025-12-29,CIVIL,9
2026-01-01,CIVIL,2
2025-10-26,CIVIL,8
2025-12-23,CIVIL,9
2025-12-26,CIVIL,1
2026-01-18,CIVIL,211
2026-02-02,CIVIL,0
2026-02-01,CIVIL,0
2026-01-31,CIVIL,0
2026-01-30,CIVIL,0
2026-01-29,CIVIL,0
2026-01-28,CIVIL,0
2026-01-27,CIVIL,0
2026-01-26,CIVIL,0
2026-01-25,CIVIL,0
2026-01-24,CIVIL,0
2026-01-22,CIVIL,0
2026-01-21,CIVIL,0
2026-01-20,CIVIL,0
2026-01-19,CIVIL,0
2026-01-17,CIVIL,0
2026-01-15,CIVIL,0
2026-01-14,CIVIL,0
2026-01-13,CIVIL,0
2026-01-11,CIVIL,0
2026-01-10,CIVIL,0
2026-01-09,CIVIL,0
2026-01-08,CIVIL,0
2026-01-07,CIVIL,0
2026-01-06,CIVIL,0
2026-01-05,CIVIL,0
2026-01-04,CIVIL,0
2026-01-03,CIVIL,0
2026-01-02,CIVIL,0
2025-12-31,CIVIL,0
2025-12-30,CIVIL,0
2025-12-28,CIVIL,0
2025-12-21,CIVIL,0
2025-12-20,CIVIL,0
2025-12-19,CIVIL,0
2025-12-18,CIVIL,0
2025-12-17,CIVIL,0
2025-12-16,CIVIL,0
2025-12-15,CIVIL,0
2025-12-14,CIVIL,0
2025-12-13,CIVIL,0
2025-12-12,CIVIL,0
2025-12-11,CIVIL,0
2025-12-10,CIVIL,0
2025-12-09,CIVIL,0
2025-12-08,CIVIL,0
2025-12-07,CIVIL,0
2025-12-06,CIVIL,0
2025-12-05,CIVIL,0
2025-12-04,CIVIL,0
2025-12-03,CIVIL,0
2025-12-02,CIVIL,0
2025-12-01,CIVIL,0
2025-11-30,CIVIL,0
2025-11-29,CIVIL,0
2025-11-28,CIVIL,0
2025-11-27,CIVIL,0
2025-11-25,CIVIL,0
2025-11-24,CIVIL,0
2025-11-23,CIVIL,0
2025-11-22,CIVIL,0
2025-11-21,CIVIL,0
2025-11-20,CIVIL,0
2025-11-19,CIVIL,0
2025-11-18,CIVIL,0
2025-11-17,CIVIL,0
2025-11-16,CIVIL,0
2025-11-15,CIVIL,0
2025-11-14,CIVIL,0
2025-11-13,CIVIL,0
2025-11-11,CIVIL,0
2025-11-10,CIVIL,0
2025-11-09,CIVIL,0
2025-11-08,CIVIL,0
2025-11-07,CIVIL,0
2025-11-06,CIVIL,0
2025-11-05,CIVIL,0
2025-11-04,CIVIL,0
2025-11-03,CIVIL,0
2025-11-02,CIVIL,0
2025-11-01,CIVIL,0
2025-10-31,CIVIL,0
2025-10-29,CIVIL,0
2025-10-28,CIVIL,0
2025-10-27,CIVIL,0
2025-10-25,CIVIL,0
2025-10-24,CIVIL,0
2025-10-23,CIVIL,0
2025-10-22,CIVIL,0
2025-10-21,CIVIL,0
2025-10-20,CIVIL,0
2025-10-19,CIVIL,0
2025-10-18,CIVIL,0
2025-10-17,CIVIL,0
2025-10-16,CIVIL,0
2025-10-15,CIVIL,0
2025-10-14,CIVIL,0
2025-10-13,CIVIL,0
2025-10-12,CIVIL,0
2025-10-11,CIVIL,0
2025-10-10,CIVIL,0
2025-10-09,CIVIL,0
2025-10-08,CIVIL,0
2025-10-07,CIVIL,0
2025-10-06,CIVIL,0
2025-10-05,CIVIL,0
2025-10-04,CIVIL,0
2025-10-03,CIVIL,0
2025-10-02,CIVIL,0
2025-10-01,CIVIL,0
2025-09-30,CIVIL,0
2025-09-29,CIVIL,0
2025-09-28,CIVIL,0
2025-09-27,CIVIL,0
2025-09-26,CIVIL,0
2025-09-25,CIVIL,0
2025-09-24,CIVIL,0
2025-09-23,CIVIL,0
2025-09-22,CIVIL,0
2025-09-21,CIVIL,0
2025-09-20,CIVIL,0
2025-09-19,CIVIL,0
2025-09-18,CIVIL,0
2025-09-17,CIVIL,0
2025-09-16,CIVIL,0
2025-09-15,CIVIL,0
2025-09-14,CIVIL,0
2025-09-13,CIVIL,0
2025-09-12,CIVIL,0
2025-09-11,CIVIL,0
2025-09-10,CIVIL,0
2025-09-09,CIVIL,0
2025-09-08,CIVIL,0
2025-09-07,CIVIL,0
2025-09-06,CIVIL,0
2025-09-05,CIVIL,0
2025-09-04,CIVIL,0
2025-09-03,CIVIL,0
2025-09-02,CIVIL,0
2025-09-01,CIVIL,0
2025-08-31,CIVIL,0
2025-08-30,CIVIL,0
2025-08-29,CIVIL,0
2025-08-28,CIVIL,0
2025-08-27,CIVIL,0
2025-08-26,CIVIL,0
2025-08-25,CIVIL,0
2025-08-24,CIVIL,0
2025-08-23,CIVIL,0
2025-08-22,CIVIL,0
2025-08-21,CIVIL,0
2025-08-20,CIVIL,0
2025-08-19,CIVIL,0
2025-08-18,CIVIL,0
2025-08-17,CIVIL,0
2025-08-16,CIVIL,0
2025-08-15,CIVIL,0
2025-08-14,CIVIL,0
2025-08-13,CIVIL,0
2025-08-12,CIVIL,0
2025-08-11,CIVIL,0
2025-08-10,CIVIL,0
2025-08-09,CIVIL,0
2025-08-08,CIVIL,0
2025-08-07,CIVIL,0
2025-08-06,CIVIL,0
2025-08-05,CIVIL,0
2025-08-04,CIVIL,0
2025-08-03,CIVIL,0
2025-08-02,CIVIL,0
2025-08-01,CIVIL,0
2025-07-31,CIVIL,0
2025-07-30,CIVIL,0
2025-07-29,CIVIL,0
2025-07-28,CIVIL,0
2025-12-07,BUILDING,2
2025-09-19,BUILDING,1
2025-10-21,BUILDING,1
2025-11-19,BUILDING,17
2025-12-21,BUILDING,3
2026-01-16,BUILDING,13
2026-01-22,BUILDING,2
2025-11-29,BUILDING,9
2025-12-22,BUILDING,4
2025-12-25,BUILDING,16
2025-09-14,BUILDING,8
2025-10-16,BUILDING,2
2025-11-17,BUILDING,1
2025-12-10,BUILDING,1
2026-01-14,BUILDING,2
2025-09-15,BUILDING,6
2025-11-12,BUILDING,1
2025-11-18,BUILDING,1
2026-01-12,BUILDING,1
2026-01-18,BUILDING,1
2025-11-06,BUILDING,1
2025-11-09,BUILDING,2
2026-01-09,BUILDING,1
2026-02-01,BUILDING,8
2025-09-16,BUILDING,1
2025-10-15,BUILDING,2
2025-11-10,BUILDING,4
2025-11-13,BUILDING,13
2025-12-06,BUILDING,15
2026-01-07,BUILDING,3
2026-01-10,BUILDING,1
2025-10-26,BUILDING,1
2025-10-29,BUILDING,3
2025-11-04,BUILDING,2
2025-11-24,BUILDING,4
2026-01-01,BUILDING,3
2026-02-02,BUILDING,0
2026-01-31,BUILDING,0
2026-01-30,BUILDING,0
2026-01-29,BUILDING,0
2026-01-28,BUILDING,0
2026-01-27,BUILDING,0
2026-01-26,BUILDING,0
2026-01-25,BUILDING,0
2026-01-24,BUILDING,0
2026-01-23,BUILDING,0
2026-01-21,BUILDING,0
2026-01-20,BUILDING,0
2026-01-19,BUILDING,0
2026-01-17,BUILDING,0
2026-01-15,BUILDING,0
2026-01-13,BUILDING,0
2026-01-11,BUILDING,0
2026-01-08,BUILDING,0
2026-01-06,BUILDING,0
2026-01-05,BUILDING,0
2026-01-04,BUILDING,0
2026-01-03,BUILDING,0
2026-01-02,BUILDING,0
2025-12-31,BUILDING,0
2025-12-30,BUILDING,0
2025-12-29,BUILDING,0
2025-12-28,BUILDING,0
2025-12-27,BUILDING,0
2025-12-26,BUILDING,0
2025-12-24,BUILDING,0
2025-12-23,BUILDING,0
2025-12-20,BUILDING,0
2025-12-19,BUILDING,0
2025-12-18,BUILDING,0
2025-12-17,BUILDING,0
2025-12-16,BUILDING,0
2025-12-15,BUILDING,0
2025-12-14,BUILDING,0
2025-12-13,BUILDING,0
2025-12-12,BUILDING,0
2025-12-11,BUILDING,0
2025-12-09,BUILDING,0
2025-12-08,BUILDING,0
2025-12-05,BUILDING,0
2025-12-04,BUILDING,0
2025-12-03,BUILDING,0
2025-12-02,BUILDING,0
2025-12-01,BUILDING,0
2025-11-30,BUILDING,0
2025-11-28,BUILDING,0
2025-11-27,BUILDING,0
2025-11-26,BUILDING,0
2025-11-25,BUILDING,0
2025-11-23,BUILDING,0
2025-11-22,BUILDING,0
2025-11-21,BUILDING,0
2025-11-20,BUILDING,0
2025-11-16,BUILDING,0
2025-11-15,BUILDING,0
2025-11-14,BUILDING,0
2025-11-11,BUILDING,0
2025-11-08,BUILDING,0
2025-11-07,BUILDING,0
2025-11-05,BUILDING,0
2025-11-03,BUILDING,0
2025-11-02,BUILDING,0
2025-11-01,BUILDING,0
2025-10-31,BUILDING,0
2025-10-30,BUILDING,0
2025-10-28,BUILDING,0
2025-10-27,BUILDING,0
2025-10-25,BUILDING,0
2025-10-24,BUILDING,0
2025-10-23,BUILDING,0
2025-10-22,BUILDING,0
2025-10-20,BUILDING,0
2025-10-19,BUILDING,0
2025-10-18,BUILDING,0
2025-10-17,BUILDING,0
2025-10-14,BUILDING,0
2025-10-13,BUILDING,0
2025-10-12,BUILDING,0
2025-10-11,BUILDING,0
2025-10-10,BUILDING,0
2025-10-09,BUILDING,0
2025-10-08,BUILDING,0
2025-10-07,BUILDING,0
2025-10-06,BUILDING,0
2025-10-05,BUILDING,0
2025-10-04,BUILDING,0
2025-10-03,BUILDING,0
2025-10-02,BUILDING,0
2025-10-01,BUILDING,0
2025-09-30,BUILDING,0
2025-09-29,BUILDING,0
2025-09-28,BUILDING,0
2025-09-27,BUILDING,0
2025-09-26,BUILDING,0
2025-09-25,BUILDING,0
2025-09-24,BUILDING,0
2025-09-23,BUILDING,0
2025-09-22,BUILDING,0
2025-09-21,BUILDING,0
2025-09-20,BUILDING,0
2025-09-18,BUILDING,0
2025-09-17,BUILDING,0
2025-09-13,BUILDING,0
2025-09-12,BUILDING,0
2025-09-11,BUILDING,0
2025-09-10,BUILDING,0
2025-09-09,BUILDING,0
2025-09-08,BUILDING,0
2025-09-07,BUILDING,0
2025-09-06,BUILDING,0
2025-09-05,BUILDING,0
2025-09-04,BUILDING,0
2025-09-03,BUILDING,0
2025-09-02,BUILDING,0
2025-09-01,BUILDING,0
2025-08-31,BUILDING,0
2025-08-30,BUILDING,0
2025-08-29,BUILDING,0
2025-08-28,BUILDING,0
2025-08-27,BUILDING,0
2025-08-26,BUILDING,0
2025-08-25,BUILDING,0
2025-08-24,BUILDING,0
2025-08-23,BUILDING,0
2025-08-22,BUILDING,0
2025-08-21,BUILDING,0
2025-08-20,BUILDING,0
2025-08-19,BUILDING,0
2025-08-18,BUILDING,0
2025-08-17,BUILDING,0
2025-08-16,BUILDING,0
2025-08-15,BUILDING,0
2025-08-14,BUILDING,0
2025-08-13,BUILDING,0
2025-08-12,BUILDING,0
2025-08-11,BUILDING,0
2025-08-10,BUILDING,0
2025-08-09,BUILDING,0
2025-08-08,BUILDING,0
2025-08-07,BUILDING,0
2025-08-06,BUILDING,0
2025-08-05,BUILDING,0
2025-08-04,BUILDING,0
2025-08-03,BUILDING,0
2025-08-02,BUILDING,0
2025-08-01,BUILDING,0
2025-07-31,BUILDING,0
2025-07-30,BUILDING,0
2025-07-29,BUILDING,0
2025-07-28,BUILDING,0
2025-07-27,BUILDING,0
2025-07-26,BUILDING,0
2025-07-25,BUILDING,0
2025-07-24,BUILDING,0
2025-07-23,BUILDING,0
2025-07-22,BUILDING,0
2025-07-21,BUILDING,0
2025-07-20,BUILDING,0
2025-07-19,BUILDING,0
2025-07-18,BUILDING,0
2025-07-17,BUILDING,0
2025-07-16,BUILDING,0
2025-07-15,BUILDING,0
2025-07-14,BUILDING,0
2025-07-13,BUILDING,0
2025-07-12,BUILDING,0
2025-07-11,BUILDING,0
2025-07-10,BUILDING,0
2025-07-09,BUILDING,0
2025-07-08,BUILDING,0
2025-07-07,BUILDING,0
2025-07-06,BUILDING,0
2025-07-05,BUILDING,0
2025-07-04,BUILDING,0
2025-07-03,BUILDING,0
2025-07-02,BUILDING,0
2025-07-01,BUILDING,0
2025-06-30,BUILDING,0
2025-06-29,BUILDING,0
2025-06-28,BUILDING,0
2025-06-27,BUILDING,0
2025-06-26,BUILDING,0
2025-06-25,BUILDING,0
2025-06-24,BUILDING,0
2025-06-23,BUILDING,0
2025-06-22,BUILDING,0
2025-06-21,BUILDING,0
2025-06-20,BUILDING,0
2025-06-19,BUILDING,0
2025-06-18,BUILDING,0
2025-06-17,BUILDING,0
2025-06-16,BUILDING,0
2025-06-15,BUILDING,0
2025-06-14,BUILDING,0
2025-06-13,BUILDING,0
2025-06-12,BUILDING,0
2025-06-11,BUILDING,0
2025-06-10,BUILDING,0
2025-06-09,BUILDING,0
2025-06-08,BUILDING,0
2025-06-07,BUILDING,0
2025-06-06,BUILDING,0
2025-06-05,BUILDING,0
2025-06-04,BUILDING,0
2025-06-03,BUILDING,0
2025-06-02,BUILDING,0
2025-06-01,BUILDING,0
2025-05-31,BUILDING,0
2025-05-30,BUILDING,0
2025-05-29,BUILDING,0
2025-05-28,BUILDING,0
2025-05-27,BUILDING,0
2025-05-26,BUILDING,0
2025-05-25,BUILDING,0
2025-05-24,BUILDING,0
2025-05-23,BUILDING,0
2025-05-22,BUILDING,0
2025-05-21,BUILDING,0
2025-05-20,BUILDING,0
2025-05-19,BUILDING,0
2025-05-18,BUILDING,0
2025-05-17,BUILDING,0
2025-05-16,BUILDING,0
2025-05-15,BUILDING,0
2025-05-14,BUILDING,0
2025-05-13,BUILDING,0
2025-05-12,BUILDING,0
2025-05-11,BUILDING,0
2025-05-10,BUILDING,0
2025-05-09,BUILDING,0
2025-05-08,BUILDING,0
2025-05-07,BUILDING,0
2025-05-06,BUILDING,0
2025-05-05,BUILDING,0
2025-05-04,BUILDING,0
2025-05-03,BUILDING,0
2025-05-02,BUILDING,0
2025-05-01,BUILDING,0
2025-04-30,BUILDING,0
2025-04-29,BUILDING,0
2025-04-28,BUILDING,0
2025-04-27,BUILDING,0
2025-04-26,BUILDING,0
2025-04-25,BUILDING,0
2025-04-24,BUILDING,0
2025-04-23,BUILDING,0
2025-04-22,BUILDING,0
2025-04-21,BUILDING,0
2025-04-20,BUILDING,0
2025-04-19,BUILDING,0
2025-04-18,BUILDING,0
2025-04-17,BUILDING,0
2025-04-16,BUILDING,0
2025-04-15,BUILDING,0
2025-04-14,BUILDING,0
2025-04-13,BUILDING,0
2025-04-12,BUILDING,0
2025-04-11,BUILDING,0
2025-04-10,BUILDING,0
2025-04-09,BUILDING,0
2025-04-08,BUILDING,0
2025-04-07,BUILDING,0
2025-04-06,BUILDING,0
2025-04-05,BUILDING,0
2025-04-04,BUILDING,0
2025-04-03,BUILDING,0
2025-04-02,BUILDING,0
2025-04-01,BUILDING,0
2025-03-31,BUILDING,0
2025-03-30,BUILDING,0
2025-03-29,BUILDING,0
2025-03-28,BUILDING,0
2025-03-27,BUILDING,0
2025-03-26,BUILDING,0
2025-03-25,BUILDING,0
2025-03-24,BUILDING,0
2025-03-23,BUILDING,0
2025-03-22,BUILDING,0
2025-03-21,BUILDING,0
2025-03-20,BUILDING,0
2025-03-19,BUILDING,0
2025-03-18,BUILDING,0
2025-03-17,BUILDING,0
2025-03-16,BUILDING,0
2025-03-15,BUILDING,0
2025-03-14,BUILDING,0
2025-03-13,BUILDING,0
2025-03-12,BUILDING,0
2025-03-11,BUILDING,0
2025-03-10,BUILDING,0
2025-03-09,BUILDING,0
2025-03-08,BUILDING,0
2025-03-07,BUILDING,0
2025-03-06,BUILDING,0
2025-03-05,BUILDING,0
2025-03-04,BUILDING,0
2025-03-03,BUILDING,0
2025-03-02,BUILDING,0
2025-03-01,BUILDING,0
2025-02-28,BUILDING,0
2025-02-27,BUILDING,0
2025-02-26,BUILDING,0
2025-02-25,BUILDING,0
2025-02-24,BUILDING,0
2025-02-23,BUILDING,0
2025-07-27,CIVIL,0
2025-07-26,CIVIL,0
2025-07-25,CIVIL,0
2025-07-24,CIVIL,0
2025-07-23,CIVIL,0
2025-07-22,CIVIL,0
2025-07-21,CIVIL,0
2025-07-20,CIVIL,0
2025-07-19,CIVIL,0
2025-07-18,CIVIL,0
2025-07-17,CIVIL,0
2025-07-16,CIVIL,0
2025-07-15,CIVIL,0
2025-07-14,CIVIL,0
2025-07-13,CIVIL,0
2025-07-12,CIVIL,0
2025-07-11,CIVIL,0
2025-07-10,CIVIL,0
2025-07-09,CIVIL,0
2025-07-08,CIVIL,0
2025-07-07,CIVIL,0
2025-07-06,CIVIL,0
2025-07-05,CIVIL,0
2025-07-04,CIVIL,0
2025-07-03,CIVIL,0
2025-07-02,CIVIL,0
2025-07-01,CIVIL,0
2025-06-30,CIVIL,0
2025-06-29,CIVIL,0
2025-06-28,CIVIL,0
2025-06-27,CIVIL,0
2025-06-26,CIVIL,0
2025-06-25,CIVIL,0
2025-06-24,CIVIL,0
2025-06-23,CIVIL,0
2025-06-22,CIVIL,0
2025-06-21,CIVIL,0
2025-06-20,CIVIL,0
2025-06-19,CIVIL,0
2025-06-18,CIVIL,0
2025-06-17,CIVIL,0
2025-06-16,CIVIL,0
2025-06-15,CIVIL,0
2025-06-14,CIVIL,0
2025-06-13,CIVIL,0
2025-06-12,CIVIL,0
2025-06-11,CIVIL,0
2025-06-10,CIVIL,0
2025-06-09,CIVIL,0
2025-06-08,CIVIL,0
2025-06-07,CIVIL,0
2025-06-06,CIVIL,0
2025-06-05,CIVIL,0
2025-06-04,CIVIL,0
2025-06-03,CIVIL,0
2025-06-02,CIVIL,0
2025-06-01,CIVIL,0
2025-05-31,CIVIL,0
2025-05-30,CIVIL,0
2025-05-29,CIVIL,0
2025-05-28,CIVIL,0
2025-05-27,CIVIL,0
2025-05-26,CIVIL,0
2025-05-25,CIVIL,0
2025-05-24,CIVIL,0
2025-05-23,CIVIL,0
2025-05-22,CIVIL,0
2025-05-21,CIVIL,0
2025-05-20,CIVIL,0
2025-05-19,CIVIL,0
2025-05-18,CIVIL,0
2025-05-17,CIVIL,0
2025-05-16,CIVIL,0
2025-05-15,CIVIL,0
2025-05-14,CIVIL,0
2025-05-13,CIVIL,0
2025-05-12,CIVIL,0
2025-05-11,CIVIL,0
2025-05-10,CIVIL,0
2025-05-09,CIVIL,0
2025-05-08,CIVIL,0
2025-05-07,CIVIL,0
2025-05-06,CIVIL,0
2025-05-05,CIVIL,0
2025-05-04,CIVIL,0
2025-05-03,CIVIL,0
2025-05-02,CIVIL,0
2025-05-01,CIVIL,0
2025-04-30,CIVIL,0
2025-04-29,CIVIL,0
2025-04-28,CIVIL,0
2025-04-27,CIVIL,0
2025-04-26,CIVIL,0
2025-04-25,CIVIL,0
2025-04-24,CIVIL,0
2025-04-23,CIVIL,0
2025-04-22,CIVIL,0
2025-04-21,CIVIL,0
2025-04-20,CIVIL,0
2025-04-19,CIVIL,0
2025-04-18,CIVIL,0
2025-04-17,CIVIL,0
2025-04-16,CIVIL,0
2025-04-15,CIVIL,0
2025-04-14,CIVIL,0
2025-04-13,CIVIL,0
2025-04-12,CIVIL,0
2025-04-11,CIVIL,0
2025-04-10,CIVIL,0
2025-04-09,CIVIL,0
2025-04-08,CIVIL,0
2025-04-07,CIVIL,0
2025-04-06,CIVIL,0
2025-04-05,CIVIL,0
2025-04-04,CIVIL,0
2025-04-03,CIVIL,0
2025-04-02,CIVIL,0
2025-04-01,CIVIL,0
2025-03-31,CIVIL,0
2025-03-30,CIVIL,0
2025-03-29,CIVIL,0
2025-03-28,CIVIL,0
2025-03-27,CIVIL,0
2025-03-26,CIVIL,0
2025-03-25,CIVIL,0
2025-03-24,CIVIL,0
2025-03-23,CIVIL,0
2025-03-22,CIVIL,0
2025-03-21,CIVIL,0
2025-03-20,CIVIL,0
2025-03-19,CIVIL,0
2025-03-18,CIVIL,0
2025-03-17,CIVIL,0
2025-03-16,CIVIL,0
2025-03-15,CIVIL,0
2025-03-14,CIVIL,0
2025-03-13,CIVIL,0
2025-03-12,CIVIL,0
2025-03-11,CIVIL,0
2025-03-10,CIVIL,0
2025-03-09,CIVIL,0
2025-03-08,CIVIL,0
2025-03-07,CIVIL,0
2025-03-06,CIVIL,0
2025-03-05,CIVIL,0
2025-03-04,CIVIL,0
2025-03-03,CIVIL,0
2025-03-02,CIVIL,0
2025-03-01,CIVIL,0
2025-02-28,CIVIL,0
2025-02-27,CIVIL,0
2025-02-26,CIVIL,0
2025-02-25,CIVIL,0
2025-02-24,CIVIL,0
2025-02-23,CIVIL,0
2025-02-22,CIVIL,0
2025-02-21,CIVIL,0
2025-02-20,CIVIL,0
2025-02-19,CIVIL,0
2025-02-18,CIVIL,0
2025-02-17,CIVIL,0
2025-02-16,CIVIL,0
2025-02-15,CIVIL,0
2025-02-14,CIVIL,0
2025-02-13,CIVIL,0
2025-02-12,CIVIL,0
2025-02-11,CIVIL,0
2025-02-10,CIVIL,0
2025-02-09,CIVIL,0
2025-02-08,CIVIL,0
2025-02-07,CIVIL,0
2025-02-06,CIVIL,0
2025-02-05,CIVIL,0
2025-02-04,CIVIL,0
2025-02-03,CIVIL,0
2025-08-28,INSTRUMENT,113
2025-09-23,INSTRUMENT,87
2025-09-29,INSTRUMENT,54
2025-10-22,INSTRUMENT,48
2025-10-28,INSTRUMENT,271
2025-10-31,INSTRUMENT,78
2025-11-20,INSTRUMENT,75
2025-11-23,INSTRUMENT,29
2025-11-29,INSTRUMENT,103
2025-12-22,INSTRUMENT,63
2025-12-28,INSTRUMENT,74
2025-12-31,INSTRUMENT,289
2026-01-20,INSTRUMENT,15
2025-02-22,BUILDING,0
2025-02-21,BUILDING,0
2025-02-20,BUILDING,0
2025-02-19,BUILDING,0
2025-02-18,BUILDING,0
2025-02-17,BUILDING,0
2025-02-16,BUILDING,0
2025-02-15,BUILDING,0
2025-02-14,BUILDING,0
2025-02-13,BUILDING,0
2025-02-12,BUILDING,0
2025-02-11,BUILDING,0
2025-02-10,BUILDING,0
2025-02-09,BUILDING,0
2025-02-08,BUILDING,0
2025-02-07,BUILDING,0
2025-02-06,BUILDING,0
2025-02-05,BUILDING,0
2025-02-04,BUILDING,0
2025-02-03,BUILDING,0
2025-11-26,MECHANICAL(STATIC),3
2026-01-20,MECHANICAL(STATIC),23
2025-06-20,MECHANICAL(STATIC),62
2025-09-12,MECHANICAL(STATIC),2
2025-11-15,MECHANICAL(STATIC),5
2025-07-30,MECHANICAL(STATIC),19
2025-07-08,MECHANICAL(STATIC),1
2025-08-09,MECHANICAL(STATIC),2
2025-11-30,MECHANICAL(STATIC),5
2025-07-31,MECHANICAL(STATIC),1
2025-08-23,MECHANICAL(STATIC),2
2026-01-24,MECHANICAL(STATIC),3
2026-01-27,MECHANICAL(STATIC),3
2025-12-01,MECHANICAL(STATIC),22
2026-01-16,MECHANICAL(STATIC),46
2025-02-03,MECHANICAL(STATIC),0
2025-02-04,MECHANICAL(STATIC),0
2025-02-05,MECHANICAL(STATIC),0
2025-02-06,MECHANICAL(STATIC),0
2025-02-07,MECHANICAL(STATIC),0
2025-02-08,MECHANICAL(STATIC),0
2025-02-09,MECHANICAL(STATIC),0
2025-02-10,MECHANICAL(STATIC),0
2025-02-11,MECHANICAL(STATIC),0
2025-02-12,MECHANICAL(STATIC),0
2025-02-13,MECHANICAL(STATIC),0
2025-02-14,MECHANICAL(STATIC),0
2025-02-15,MECHANICAL(STATIC),0
2025-02-16,MECHANICAL(STATIC),0
2025-02-17,MECHANICAL(STATIC),0
2025-02-18,MECHANICAL(STATIC),0
2025-02-19,MECHANICAL(STATIC),0
2025-02-20,MECHANICAL(STATIC),0
2025-02-21,MECHANICAL(STATIC),0
2025-02-22,MECHANICAL(STATIC),0
2025-02-23,MECHANICAL(STATIC),0
2025-02-24,MECHANICAL(STATIC),0
2025-02-25,MECHANICAL(STATIC),0
2025-02-26,MECHANICAL(STATIC),0
2025-02-27,MECHANICAL(STATIC),0
2025-02-28,MECHANICAL(STATIC),0
2025-03-01,MECHANICAL(STATIC),0
2025-03-02,MECHANICAL(STATIC),0
2025-03-03,MECHANICAL(STATIC),0
2025-03-04,MECHANICAL(STATIC),0
2025-03-05,MECHANICAL(STATIC),0
2025-03-06,MECHANICAL(STATIC),0
2025-03-07,MECHANICAL(STATIC),0
2025-03-08,MECHANICAL(STATIC),0
2025-03-09,MECHANICAL(STATIC),0
2025-03-10,MECHANICAL(STATIC),0
2025-03-11,MECHANICAL(STATIC),0
2025-03-12,MECHANICAL(STATIC),0
2025-03-13,MECHANICAL(STATIC),0
2025-03-14,MECHANICAL(STATIC),0
2025-03-15,MECHANICAL(STATIC),0
2025-03-16,MECHANICAL(STATIC),0
2025-03-17,MECHANICAL(STATIC),0
2025-03-18,MECHANICAL(STATIC),0
2025-03-19,MECHANICAL(STATIC),0
2025-03-20,MECHANICAL(STATIC),0
2025-03-21,MECHANICAL(STATIC),0
2025-03-22,MECHANICAL(STATIC),0
2025-03-23,MECHANICAL(STATIC),0
2025-03-24,MECHANICAL(STATIC),0
2025-03-25,MECHANICAL(STATIC),0
2025-03-26,MECHANICAL(STATIC),0
2025-03-27,MECHANICAL(STATIC),0
2025-03-28,MECHANICAL(STATIC),0
2025-03-29,MECHANICAL(STATIC),0
2025-03-30,MECHANICAL(STATIC),0
2025-03-31,MECHANICAL(STATIC),0
2025-04-01,MECHANICAL(STATIC),0
2025-04-02,MECHANICAL(STATIC),0
2025-04-03,MECHANICAL(STATIC),0
2025-04-04,MECHANICAL(STATIC),0
2025-04-05,MECHANICAL(STATIC),0
2025-04-06,MECHANICAL(STATIC),0
2025-04-07,MECHANICAL(STATIC),0
2025-04-08,MECHANICAL(STATIC),0
2025-04-09,MECHANICAL(STATIC),0
2025-04-10,MECHANICAL(STATIC),0
2025-04-11,MECHANICAL(STATIC),0
2025-04-12,MECHANICAL(STATIC),0
2025-04-13,MECHANICAL(STATIC),0
2025-04-14,MECHANICAL(STATIC),0
2025-04-15,MECHANICAL(STATIC),0
2025-04-16,MECHANICAL(STATIC),0
2025-04-17,MECHANICAL(STATIC),0
2025-04-18,MECHANICAL(STATIC),0
2025-04-19,MECHANICAL(STATIC),0
2025-04-20,MECHANICAL(STATIC),0
2025-04-21,MECHANICAL(STATIC),0
2025-04-22,MECHANICAL(STATIC),0
2025-04-23,MECHANICAL(STATIC),0
2025-04-24,MECHANICAL(STATIC),0
2025-04-25,MECHANICAL(STATIC),0
2025-04-26,MECHANICAL(STATIC),0
2025-04-27,MECHANICAL(STATIC),0
2025-04-28,MECHANICAL(STATIC),0
2025-04-29,MECHANICAL(STATIC),0
2025-04-30,MECHANICAL(STATIC),0
2025-05-01,MECHANICAL(STATIC),0
2025-05-02,MECHANICAL(STATIC),0
2025-05-03,MECHANICAL(STATIC),0
2025-05-04,MECHANICAL(STATIC),0
2025-05-05,MECHANICAL(STATIC),0
2025-05-06,MECHANICAL(STATIC),0
2025-05-07,MECHANICAL(STATIC),0
2025-05-08,MECHANICAL(STATIC),0
2025-05-09,MECHANICAL(STATIC),0
2025-05-10,MECHANICAL(STATIC),0
2025-05-11,MECHANICAL(STATIC),0
2025-05-12,MECHANICAL(STATIC),0
2025-05-13,MECHANICAL(STATIC),0
2025-05-14,MECHANICAL(STATIC),0
2025-05-15,MECHANICAL(STATIC),0
2025-05-16,MECHANICAL(STATIC),0
2025-05-17,MECHANICAL(STATIC),0
2025-05-18,MECHANICAL(STATIC),0
2025-05-19,MECHANICAL(STATIC),0
2025-05-20,MECHANICAL(STATIC),0
2025-05-21,MECHANICAL(STATIC),0
2025-05-22,MECHANICAL(STATIC),0
2025-05-23,MECHANICAL(STATIC),0
2025-05-24,MECHANICAL(STATIC),0
2025-05-25,MECHANICAL(STATIC),0
2025-05-26,MECHANICAL(STATIC),0
2025-05-27,MECHANICAL(STATIC),0
2025-05-28,MECHANICAL(STATIC),0
2025-05-29,MECHANICAL(STATIC),0
2025-05-30,MECHANICAL(STATIC),0
2025-05-31,MECHANICAL(STATIC),0
2025-06-01,MECHANICAL(STATIC),0
2025-06-02,MECHANICAL(STATIC),0
2025-06-03,MECHANICAL(STATIC),0
2025-06-04,MECHANICAL(STATIC),0
2025-06-05,MECHANICAL(STATIC),0
2025-06-06,MECHANICAL(STATIC),0
2025-06-07,MECHANICAL(STATIC),0
2025-06-08,MECHANICAL(STATIC),0
2025-06-09,MECHANICAL(STATIC),0
2025-06-10,MECHANICAL(STATIC),0
2025-06-11,MECHANICAL(STATIC),0
2025-06-12,MECHANICAL(STATIC),0
2025-06-13,MECHANICAL(STATIC),0
2025-06-14,MECHANICAL(STATIC),0
2025-06-15,MECHANICAL(STATIC),0
2025-06-16,MECHANICAL(STATIC),0
2025-06-17,MECHANICAL(STATIC),0
2025-06-18,MECHANICAL(STATIC),0
2025-06-19,MECHANICAL(STATIC),0
2025-06-21,MECHANICAL(STATIC),0
2025-06-22,MECHANICAL(STATIC),0
2025-06-23,MECHANICAL(STATIC),0
2025-06-24,MECHANICAL(STATIC),0
2025-06-25,MECHANICAL(STATIC),0
2025-06-26,MECHANICAL(STATIC),0
2025-06-27,MECHANICAL(STATIC),0
2025-06-28,MECHANICAL(STATIC),0
2025-06-29,MECHANICAL(STATIC),0
2025-06-30,MECHANICAL(STATIC),0
2025-07-01,MECHANICAL(STATIC),0
2025-07-02,MECHANICAL(STATIC),0
2025-07-03,MECHANICAL(STATIC),0
2025-07-04,MECHANICAL(STATIC),0
2025-07-05,MECHANICAL(STATIC),0
2025-07-06,MECHANICAL(STATIC),0
2025-07-07,MECHANICAL(STATIC),0
2025-07-09,MECHANICAL(STATIC),0
2025-07-10,MECHANICAL(STATIC),0
2025-07-11,MECHANICAL(STATIC),0
2025-07-12,MECHANICAL(STATIC),0
2025-07-13,MECHANICAL(STATIC),0
2025-07-14,MECHANICAL(STATIC),0
2025-07-15,MECHANICAL(STATIC),0
2025-07-16,MECHANICAL(STATIC),0
2025-07-17,MECHANICAL(STATIC),0
2025-07-18,MECHANICAL(STATIC),0
2025-07-19,MECHANICAL(STATIC),0
2025-07-20,MECHANICAL(STATIC),0
2025-07-21,MECHANICAL(STATIC),0
2025-07-22,MECHANICAL(STATIC),0
2025-07-23,MECHANICAL(STATIC),0
2025-07-24,MECHANICAL(STATIC),0
2025-07-25,MECHANICAL(STATIC),0
2025-07-26,MECHANICAL(STATIC),0
2025-07-27,MECHANICAL(STATIC),0
2025-07-28,MECHANICAL(STATIC),0
2025-07-29,MECHANICAL(STATIC),0
2025-08-01,MECHANICAL(STATIC),0
2025-08-02,MECHANICAL(STATIC),0
2025-08-03,MECHANICAL(STATIC),0
2025-08-04,MECHANICAL(STATIC),0
2025-08-05,MECHANICAL(STATIC),0
2025-08-06,MECHANICAL(STATIC),0
2025-08-07,MECHANICAL(STATIC),0
2025-08-08,MECHANICAL(STATIC),0
2025-08-10,MECHANICAL(STATIC),0
2025-08-11,MECHANICAL(STATIC),0
2025-08-12,MECHANICAL(STATIC),0
2025-08-13,MECHANICAL(STATIC),0
2025-08-14,MECHANICAL(STATIC),0
2025-08-15,MECHANICAL(STATIC),0
2025-08-16,MECHANICAL(STATIC),0
2025-08-17,MECHANICAL(STATIC),0
2025-08-18,MECHANICAL(STATIC),0
2025-08-19,MECHANICAL(STATIC),0
2025-08-20,MECHANICAL(STATIC),0
2025-08-21,MECHANICAL(STATIC),0
2025-08-22,MECHANICAL(STATIC),0
2025-08-24,MECHANICAL(STATIC),0
2025-08-25,MECHANICAL(STATIC),0
2025-08-26,MECHANICAL(STATIC),0
2025-08-27,MECHANICAL(STATIC),0
2025-08-28,MECHANICAL(STATIC),0
2025-08-29,MECHANICAL(STATIC),0
2025-08-30,MECHANICAL(STATIC),0
2025-08-31,MECHANICAL(STATIC),0
2025-09-01,MECHANICAL(STATIC),0
2025-09-02,MECHANICAL(STATIC),0
2025-09-03,MECHANICAL(STATIC),0
2025-09-04,MECHANICAL(STATIC),0
2025-09-05,MECHANICAL(STATIC),0
2025-09-06,MECHANICAL(STATIC),0
2025-09-07,MECHANICAL(STATIC),0
2025-09-08,MECHANICAL(STATIC),0
2025-09-09,MECHANICAL(STATIC),0
2025-09-10,MECHANICAL(STATIC),0
2025-09-11,MECHANICAL(STATIC),0
2025-09-13,MECHANICAL(STATIC),0
2025-09-14,MECHANICAL(STATIC),0
2025-09-15,MECHANICAL(STATIC),0
2025-09-16,MECHANICAL(STATIC),0
2025-09-17,MECHANICAL(STATIC),0
2025-09-18,MECHANICAL(STATIC),0
2025-09-19,MECHANICAL(STATIC),0
2025-09-20,MECHANICAL(STATIC),0
2025-09-21,MECHANICAL(STATIC),0
2025-09-22,MECHANICAL(STATIC),0
2025-09-23,MECHANICAL(STATIC),0
2025-09-24,MECHANICAL(STATIC),0
2025-09-25,MECHANICAL(STATIC),0
2025-09-26,MECHANICAL(STATIC),0
2025-09-27,MECHANICAL(STATIC),0
2025-09-28,MECHANICAL(STATIC),0
2025-09-29,MECHANICAL(STATIC),0
2025-09-30,MECHANICAL(STATIC),0
2025-10-01,MECHANICAL(STATIC),0
2025-10-02,MECHANICAL(STATIC),0
2025-10-03,MECHANICAL(STATIC),0
2025-10-04,MECHANICAL(STATIC),0
2025-10-05,MECHANICAL(STATIC),0
2025-10-06,MECHANICAL(STATIC),0
2025-10-07,MECHANICAL(STATIC),0
2025-10-08,MECHANICAL(STATIC),0
2025-10-09,MECHANICAL(STATIC),0
2025-10-10,MECHANICAL(STATIC),0
2025-10-11,MECHANICAL(STATIC),0
2025-10-12,MECHANICAL(STATIC),0
2025-10-13,MECHANICAL(STATIC),0
2025-10-14,MECHANICAL(STATIC),0
2025-10-15,MECHANICAL(STATIC),0
2025-10-16,MECHANICAL(STATIC),0
2025-10-17,MECHANICAL(STATIC),0
2025-10-18,MECHANICAL(STATIC),0
2025-10-19,MECHANICAL(STATIC),0
2025-10-20,MECHANICAL(STATIC),0
2025-10-21,MECHANICAL(STATIC),0
2025-10-22,MECHANICAL(STATIC),0
2025-10-23,MECHANICAL(STATIC),0
2025-10-24,MECHANICAL(STATIC),0
2025-10-25,MECHANICAL(STATIC),0
2025-10-26,MECHANICAL(STATIC),0
2025-10-27,MECHANICAL(STATIC),0
2025-10-28,MECHANICAL(STATIC),0
2025-10-29,MECHANICAL(STATIC),0
2025-10-30,MECHANICAL(STATIC),0
2025-10-31,MECHANICAL(STATIC),0
2025-11-01,MECHANICAL(STATIC),0
2025-11-02,MECHANICAL(STATIC),0
2025-11-03,MECHANICAL(STATIC),0
2025-11-04,MECHANICAL(STATIC),0
2025-11-05,MECHANICAL(STATIC),0
2025-11-06,MECHANICAL(STATIC),0
2025-11-07,MECHANICAL(STATIC),0
2025-11-08,MECHANICAL(STATIC),0
2025-11-09,MECHANICAL(STATIC),0
2025-11-10,MECHANICAL(STATIC),0
2025-11-11,MECHANICAL(STATIC),0
2025-11-12,MECHANICAL(STATIC),0
2025-11-13,MECHANICAL(STATIC),0
2025-11-14,MECHANICAL(STATIC),0
2025-11-16,MECHANICAL(STATIC),0
2025-11-17,MECHANICAL(STATIC),0
2025-11-18,MECHANICAL(STATIC),0
2025-11-19,MECHANICAL(STATIC),0
2025-11-20,MECHANICAL(STATIC),0
2025-11-21,MECHANICAL(STATIC),0
2025-11-22,MECHANICAL(STATIC),0
2025-11-23,MECHANICAL(STATIC),0
2025-11-24,MECHANICAL(STATIC),0
2025-11-25,MECHANICAL(STATIC),0
2025-11-27,MECHANICAL(STATIC),0
2025-11-28,MECHANICAL(STATIC),0
2025-11-29,MECHANICAL(STATIC),0
2025-12-02,MECHANICAL(STATIC),0
2025-12-03,MECHANICAL(STATIC),0
2025-12-04,MECHANICAL(STATIC),0
2025-12-05,MECHANICAL(STATIC),0
2025-12-06,MECHANICAL(STATIC),0
2025-12-07,MECHANICAL(STATIC),0
2025-12-08,MECHANICAL(STATIC),0
2025-12-09,MECHANICAL(STATIC),0
2025-12-10,MECHANICAL(STATIC),0
2025-12-11,MECHANICAL(STATIC),0
2025-12-12,MECHANICAL(STATIC),0
2025-12-13,MECHANICAL(STATIC),0
2025-12-14,MECHANICAL(STATIC),0
2025-12-15,MECHANICAL(STATIC),0
2025-12-16,MECHANICAL(STATIC),0
2025-12-17,MECHANICAL(STATIC),0
2025-12-18,MECHANICAL(STATIC),0
2025-12-19,MECHANICAL(STATIC),0
2025-12-20,MECHANICAL(STATIC),0
2025-12-21,MECHANICAL(STATIC),0
2025-12-22,MECHANICAL(STATIC),0
2025-12-23,MECHANICAL(STATIC),0
2025-12-24,MECHANICAL(STATIC),0
2025-12-25,MECHANICAL(STATIC),0
2025-12-26,MECHANICAL(STATIC),0
2025-12-27,MECHANICAL(STATIC),0
2025-12-28,MECHANICAL(STATIC),0
2025-12-29,MECHANICAL(STATIC),0
2025-12-30,MECHANICAL(STATIC),0
2025-12-31,MECHANICAL(STATIC),0
2026-01-01,MECHANICAL(STATIC),0
2026-01-02,MECHANICAL(STATIC),0
2026-01-03,MECHANICAL(STATIC),0
2026-01-04,MECHANICAL(STATIC),0
2026-01-05,MECHANICAL(STATIC),0
2026-01-06,MECHANICAL(STATIC),0
2026-01-07,MECHANICAL(STATIC),0
2026-01-08,MECHANICAL(STATIC),0
2026-01-09,MECHANICAL(STATIC),0
2026-01-10,MECHANICAL(STATIC),0
2026-01-11,MECHANICAL(STATIC),0
2026-01-12,MECHANICAL(STATIC),0
2026-01-13,MECHANICAL(STATIC),0
2026-01-14,MECHANICAL(STATIC),0
2026-01-15,MECHANICAL(STATIC),0
2026-01-17,MECHANICAL(STATIC),0
2026-01-18,MECHANICAL(STATIC),0
2026-01-19,MECHANICAL(STATIC),0
2026-01-21,MECHANICAL(STATIC),0
2026-01-22,MECHANICAL(STATIC),0
2026-01-23,MECHANICAL(STATIC),0
2026-01-25,MECHANICAL(STATIC),0
2026-01-26,MECHANICAL(STATIC),0
2026-01-28,MECHANICAL(STATIC),0
2026-01-29,MECHANICAL(STATIC),0
2026-01-30,MECHANICAL(STATIC),0
2026-01-31,MECHANICAL(STATIC),0
2026-02-01,MECHANICAL(STATIC),0
2026-02-02,MECHANICAL(STATIC),0
2026-01-26,INSTRUMENT,193
2026-01-29,INSTRUMENT,157
2025-09-11,INSTRUMENT,101
2025-09-14,INSTRUMENT,181
2025-09-17,INSTRUMENT,11
2025-10-16,INSTRUMENT,52
2025-10-19,INSTRUMENT,189
2025-11-11,INSTRUMENT,189
2025-11-14,INSTRUMENT,39
2025-11-17,INSTRUMENT,172
2025-12-10,INSTRUMENT,205
2025-12-13,INSTRUMENT,40
2026-01-08,INSTRUMENT,321
2026-01-11,INSTRUMENT,671
2026-01-14,INSTRUMENT,280
2026-01-17,INSTRUMENT,394
2025-08-07,INSTRUMENT,109
2025-08-10,INSTRUMENT,12
2025-09-02,INSTRUMENT,570
2025-09-05,INSTRUMENT,46
2025-10-01,INSTRUMENT,34
2025-11-02,INSTRUMENT,52
2025-11-05,INSTRUMENT,69
2025-11-08,INSTRUMENT,124
2025-11-28,INSTRUMENT,27
2025-12-01,INSTRUMENT,27
2025-12-07,INSTRUMENT,60
2025-12-30,INSTRUMENT,88
2026-01-02,INSTRUMENT,80
2026-01-05,INSTRUMENT,297
2026-01-28,INSTRUMENT,1
2026-01-31,INSTRUMENT,54
2025-08-21,INSTRUMENT,23
2025-08-27,INSTRUMENT,12
2025-09-22,INSTRUMENT,43
2025-09-25,INSTRUMENT,53
2025-09-28,INSTRUMENT,32
2025-10-18,INSTRUMENT,636
2025-10-21,INSTRUMENT,101
2025-11-22,INSTRUMENT,30
2025-12-24,INSTRUMENT,72
2025-12-27,INSTRUMENT,136
2026-01-16,INSTRUMENT,3
2026-01-19,INSTRUMENT,50
2026-01-22,INSTRUMENT,51
2025-09-04,INSTRUMENT,139
2025-09-27,INSTRUMENT,29
2025-10-26,INSTRUMENT,237
2025-11-01,INSTRUMENT,112
2025-11-04,INSTRUMENT,63
2025-11-24,INSTRUMENT,31
2025-11-27,INSTRUMENT,129
2025-11-30,INSTRUMENT,83
2025-12-03,INSTRUMENT,106
2025-12-26,INSTRUMENT,332
2025-12-29,INSTRUMENT,171
2026-01-01,INSTRUMENT,347
2026-01-04,INSTRUMENT,407
2026-01-24,INSTRUMENT,71
2026-01-30,INSTRUMENT,86
2025-08-15,INSTRUMENT,21
2025-09-13,INSTRUMENT,30
2025-09-16,INSTRUMENT,25
2025-10-09,INSTRUMENT,194
2025-11-07,INSTRUMENT,76
2025-11-10,INSTRUMENT,159
2025-11-13,INSTRUMENT,48
2025-11-16,INSTRUMENT,283
2025-12-06,INSTRUMENT,19
2026-01-07,INSTRUMENT,246
2026-01-10,INSTRUMENT,638
2026-01-13,INSTRUMENT,249
2025-09-15,INSTRUMENT,51
2025-09-18,INSTRUMENT,51
2025-09-21,INSTRUMENT,61
2025-10-23,INSTRUMENT,140
2025-11-15,INSTRUMENT,46
2025-11-18,INSTRUMENT,110
2025-12-14,INSTRUMENT,94
2025-12-20,INSTRUMENT,45
2025-12-23,INSTRUMENT,51
2026-01-12,INSTRUMENT,213
2026-01-15,INSTRUMENT,424
2026-01-18,INSTRUMENT,109
2026-01-21,INSTRUMENT,69
2025-08-05,INSTRUMENT,566
2025-09-03,INSTRUMENT,152
2025-09-09,INSTRUMENT,16
2025-09-12,INSTRUMENT,208
2025-10-11,INSTRUMENT,525
2025-11-06,INSTRUMENT,84
2025-11-09,INSTRUMENT,170
2025-11-12,INSTRUMENT,141
2025-12-02,INSTRUMENT,141
2025-12-05,INSTRUMENT,72
2025-12-08,INSTRUMENT,73
2025-12-11,INSTRUMENT,142
2026-01-03,INSTRUMENT,407
2026-01-06,INSTRUMENT,77
2026-01-09,INSTRUMENT,119
2026-02-01,INSTRUMENT,207
2025-02-03,INSTRUMENT,0
2025-02-04,INSTRUMENT,0
2025-02-05,INSTRUMENT,0
2025-02-06,INSTRUMENT,0
2025-02-07,INSTRUMENT,0
2025-02-08,INSTRUMENT,0
2025-02-09,INSTRUMENT,0
2025-02-10,INSTRUMENT,0
2025-02-11,INSTRUMENT,0
2025-02-12,INSTRUMENT,0
2025-02-13,INSTRUMENT,0
2025-02-14,INSTRUMENT,0
2025-02-15,INSTRUMENT,0
2025-02-16,INSTRUMENT,0
2025-02-17,INSTRUMENT,0
2025-02-18,INSTRUMENT,0
2025-02-19,INSTRUMENT,0
2025-02-20,INSTRUMENT,0
2025-02-21,INSTRUMENT,0
2025-02-22,INSTRUMENT,0
2025-02-23,INSTRUMENT,0
2025-02-24,INSTRUMENT,0
2025-02-25,INSTRUMENT,0
2025-02-26,INSTRUMENT,0
2025-02-27,INSTRUMENT,0
2025-02-28,INSTRUMENT,0
2025-03-01,INSTRUMENT,0
2025-03-02,INSTRUMENT,0
2025-03-03,INSTRUMENT,0
2025-03-04,INSTRUMENT,0
2025-03-05,INSTRUMENT,0
2025-03-06,INSTRUMENT,0
2025-03-07,INSTRUMENT,0
2025-03-08,INSTRUMENT,0
2025-03-09,INSTRUMENT,0
2025-03-10,INSTRUMENT,0
2025-03-11,INSTRUMENT,0
2025-03-12,INSTRUMENT,0
2025-03-13,INSTRUMENT,0
2025-03-14,INSTRUMENT,0
2025-03-15,INSTRUMENT,0
2025-03-16,INSTRUMENT,0
2025-03-17,INSTRUMENT,0
2025-03-18,INSTRUMENT,0
2025-03-19,INSTRUMENT,0
2025-03-20,INSTRUMENT,0
2025-03-21,INSTRUMENT,0
2025-03-22,INSTRUMENT,0
2025-03-23,INSTRUMENT,0
2025-03-24,INSTRUMENT,0
2025-03-25,INSTRUMENT,0
2025-03-26,INSTRUMENT,0
2025-03-27,INSTRUMENT,0
2025-03-28,INSTRUMENT,0
2025-03-29,INSTRUMENT,0
2025-03-30,INSTRUMENT,0
2025-03-31,INSTRUMENT,0
2025-04-01,INSTRUMENT,0
2025-04-02,INSTRUMENT,0
2025-04-03,INSTRUMENT,0
2025-04-04,INSTRUMENT,0
2025-04-05,INSTRUMENT,0
2025-04-06,INSTRUMENT,0
2025-04-07,INSTRUMENT,0
2025-04-08,INSTRUMENT,0
2025-04-09,INSTRUMENT,0
2025-04-10,INSTRUMENT,0
2025-04-11,INSTRUMENT,0
2025-04-12,INSTRUMENT,0
2025-04-13,INSTRUMENT,0
2025-04-14,INSTRUMENT,0
2025-04-15,INSTRUMENT,0
2025-04-16,INSTRUMENT,0
2025-04-17,INSTRUMENT,0
2025-04-18,INSTRUMENT,0
2025-04-19,INSTRUMENT,0
2025-04-20,INSTRUMENT,0
2025-04-21,INSTRUMENT,0
2025-04-22,INSTRUMENT,0
2025-04-23,INSTRUMENT,0
2025-04-24,INSTRUMENT,0
2025-04-25,INSTRUMENT,0
2025-04-26,INSTRUMENT,0
2025-04-27,INSTRUMENT,0
2025-04-28,INSTRUMENT,0
2025-04-29,INSTRUMENT,0
2025-04-30,INSTRUMENT,0
2025-05-01,INSTRUMENT,0
2025-05-02,INSTRUMENT,0
2025-05-03,INSTRUMENT,0
2025-05-04,INSTRUMENT,0
2025-05-05,INSTRUMENT,0
2025-05-06,INSTRUMENT,0
2025-05-07,INSTRUMENT,0
2025-05-08,INSTRUMENT,0
2025-05-09,INSTRUMENT,0
2025-05-10,INSTRUMENT,0
2025-05-11,INSTRUMENT,0
2025-05-12,INSTRUMENT,0
2025-05-13,INSTRUMENT,0
2025-05-14,INSTRUMENT,0
2025-05-15,INSTRUMENT,0
2025-05-16,INSTRUMENT,0
2025-05-17,INSTRUMENT,0
2025-05-18,INSTRUMENT,0
2025-05-19,INSTRUMENT,0
2025-05-20,INSTRUMENT,0
2025-05-21,INSTRUMENT,0
2025-05-22,INSTRUMENT,0
2025-05-23,INSTRUMENT,0
2025-05-24,INSTRUMENT,0
2025-05-25,INSTRUMENT,0
2025-05-26,INSTRUMENT,0
2025-05-27,INSTRUMENT,0
2025-05-28,INSTRUMENT,0
2025-05-29,INSTRUMENT,0
2025-05-30,INSTRUMENT,0
2025-05-31,INSTRUMENT,0
2025-06-01,INSTRUMENT,0
2025-06-02,INSTRUMENT,0
2025-06-03,INSTRUMENT,0
2025-06-04,INSTRUMENT,0
2025-06-05,INSTRUMENT,0
2025-06-06,INSTRUMENT,0
2025-06-07,INSTRUMENT,0
2025-06-08,INSTRUMENT,0
2025-06-09,INSTRUMENT,0
2025-06-10,INSTRUMENT,0
2025-06-11,INSTRUMENT,0
2025-06-12,INSTRUMENT,0
2025-06-13,INSTRUMENT,0
2025-06-14,INSTRUMENT,0
2025-06-15,INSTRUMENT,0
2025-06-16,INSTRUMENT,0
2025-06-17,INSTRUMENT,0
2025-06-18,INSTRUMENT,0
2025-06-19,INSTRUMENT,0
2025-06-20,INSTRUMENT,0
2025-06-21,INSTRUMENT,0
2025-06-22,INSTRUMENT,0
2025-06-23,INSTRUMENT,0
2025-06-24,INSTRUMENT,0
2025-06-25,INSTRUMENT,0
2025-06-26,INSTRUMENT,0
2025-06-27,INSTRUMENT,0
2025-06-28,INSTRUMENT,0
2025-06-29,INSTRUMENT,0
2025-06-30,INSTRUMENT,0
2025-07-01,INSTRUMENT,0
2025-07-02,INSTRUMENT,0
2025-07-03,INSTRUMENT,0
2025-07-04,INSTRUMENT,0
2025-07-05,INSTRUMENT,0
2025-07-06,INSTRUMENT,0
2025-07-07,INSTRUMENT,0
2025-07-08,INSTRUMENT,0
2025-07-09,INSTRUMENT,0
2025-07-10,INSTRUMENT,0
2025-07-11,INSTRUMENT,0
2025-07-12,INSTRUMENT,0
2025-07-13,INSTRUMENT,0
2025-07-14,INSTRUMENT,0
2025-07-15,INSTRUMENT,0
2025-07-16,INSTRUMENT,0
2025-07-17,INSTRUMENT,0
2025-07-18,INSTRUMENT,0
2025-07-19,INSTRUMENT,0
2025-07-20,INSTRUMENT,0
2025-07-21,INSTRUMENT,0
2025-07-22,INSTRUMENT,0
2025-07-23,INSTRUMENT,0
2025-07-24,INSTRUMENT,0
2025-07-25,INSTRUMENT,0
2025-07-26,INSTRUMENT,0
2025-07-27,INSTRUMENT,0
2025-07-28,INSTRUMENT,0
2025-07-29,INSTRUMENT,0
2025-07-30,INSTRUMENT,0
2025-07-31,INSTRUMENT,0
2025-08-01,INSTRUMENT,0
2025-08-02,INSTRUMENT,0
2025-08-03,INSTRUMENT,0
2025-08-04,INSTRUMENT,0
2025-08-06,INSTRUMENT,0
2025-08-08,INSTRUMENT,0
2025-08-09,INSTRUMENT,0
2025-08-11,INSTRUMENT,0
2025-08-12,INSTRUMENT,0
2025-08-13,INSTRUMENT,0
2025-08-14,INSTRUMENT,0
2025-08-16,INSTRUMENT,0
2025-08-17,INSTRUMENT,0
2025-08-18,INSTRUMENT,0
2025-08-19,INSTRUMENT,0
2025-08-20,INSTRUMENT,0
2025-08-22,INSTRUMENT,0
2025-08-23,INSTRUMENT,0
2025-08-24,INSTRUMENT,0
2025-08-25,INSTRUMENT,0
2025-08-26,INSTRUMENT,0
2025-08-29,INSTRUMENT,0
2025-08-30,INSTRUMENT,0
2025-08-31,INSTRUMENT,0
2025-09-01,INSTRUMENT,0
2025-09-06,INSTRUMENT,0
2025-09-07,INSTRUMENT,0
2025-09-08,INSTRUMENT,0
2025-09-10,INSTRUMENT,0
2025-09-19,INSTRUMENT,0
2025-09-20,INSTRUMENT,0
2025-09-24,INSTRUMENT,0
2025-09-26,INSTRUMENT,0
2025-09-30,INSTRUMENT,0
2025-10-02,INSTRUMENT,0
2025-10-03,INSTRUMENT,0
2025-10-04,INSTRUMENT,0
2025-10-05,INSTRUMENT,0
2025-10-06,INSTRUMENT,0
2025-10-07,INSTRUMENT,0
2025-10-08,INSTRUMENT,0
2025-10-10,INSTRUMENT,0
2025-10-12,INSTRUMENT,0
2025-10-13,INSTRUMENT,0
2025-10-14,INSTRUMENT,0
2025-10-15,INSTRUMENT,0
2025-10-17,INSTRUMENT,0
2025-10-20,INSTRUMENT,0
2025-10-24,INSTRUMENT,0
2025-10-25,INSTRUMENT,0
2025-10-27,INSTRUMENT,0
2025-10-29,INSTRUMENT,0
2025-10-30,INSTRUMENT,0
2025-11-03,INSTRUMENT,0
2025-11-19,INSTRUMENT,0
2025-11-21,INSTRUMENT,0
2025-11-25,INSTRUMENT,0
2025-11-26,INSTRUMENT,0
2025-12-04,INSTRUMENT,0
2025-12-09,INSTRUMENT,0
2025-12-12,INSTRUMENT,0
2025-12-15,INSTRUMENT,0
2025-12-16,INSTRUMENT,0
2025-12-17,INSTRUMENT,0
2025-12-18,INSTRUMENT,0
2025-12-19,INSTRUMENT,0
2025-12-21,INSTRUMENT,0
2025-12-25,INSTRUMENT,0
2026-01-23,INSTRUMENT,0
2026-01-25,INSTRUMENT,0
2026-01-27,INSTRUMENT,0
2026-02-02,INSTRUMENT,0
2025-07-09,ELECTRICAL,47
2025-07-15,ELECTRICAL,26
2025-08-10,ELECTRICAL,68
2025-09-08,ELECTRICAL,57
2025-09-11,ELECTRICAL,90
2025-09-14,ELECTRICAL,1
2025-09-17,ELECTRICAL,120
2025-10-10,ELECTRICAL,415
2025-10-13,ELECTRICAL,487
2025-10-16,ELECTRICAL,1108
2025-11-08,ELECTRICAL,114
2025-11-11,ELECTRICAL,28
2025-12-07,ELECTRICAL,64
2025-12-10,ELECTRICAL,88
2026-01-08,ELECTRICAL,94
2026-01-14,ELECTRICAL,282
2025-06-07,ELECTRICAL,1083
2025-06-30,ELECTRICAL,21
2025-07-03,ELECTRICAL,10
2025-07-06,ELECTRICAL,22
2025-07-29,ELECTRICAL,1654
2025-08-01,ELECTRICAL,40
2025-08-04,ELECTRICAL,13
2025-08-07,ELECTRICAL,27
2025-08-27,ELECTRICAL,198
2025-08-30,ELECTRICAL,119
2025-09-02,ELECTRICAL,52
2025-09-05,ELECTRICAL,16
2025-09-28,ELECTRICAL,8
2025-10-07,ELECTRICAL,675
2025-11-05,ELECTRICAL,27
2025-12-27,ELECTRICAL,48
2025-12-30,ELECTRICAL,404
2026-01-02,ELECTRICAL,34
2026-01-05,ELECTRICAL,115
2025-06-11,ELECTRICAL,27
2025-07-04,ELECTRICAL,84
2025-08-02,ELECTRICAL,28
2025-08-05,ELECTRICAL,558
2025-08-08,ELECTRICAL,446
2025-08-11,ELECTRICAL,80
2025-08-31,ELECTRICAL,104
2025-09-06,ELECTRICAL,479
2025-09-09,ELECTRICAL,51
2025-10-02,ELECTRICAL,20
2025-10-05,ELECTRICAL,147
2025-10-08,ELECTRICAL,641
2025-10-31,ELECTRICAL,105
2025-11-03,ELECTRICAL,145
2025-11-06,ELECTRICAL,131
2025-11-09,ELECTRICAL,78
2025-12-08,ELECTRICAL,11
2025-12-31,ELECTRICAL,166
2026-01-06,ELECTRICAL,355
2026-01-09,ELECTRICAL,2
2026-02-01,ELECTRICAL,7
2025-07-21,ELECTRICAL,1819
2025-07-24,ELECTRICAL,158
2025-07-27,ELECTRICAL,92
2025-07-30,ELECTRICAL,239
2025-09-20,ELECTRICAL,24
2025-09-23,ELECTRICAL,18
2025-10-19,ELECTRICAL,222
2025-10-22,ELECTRICAL,446
2025-10-25,ELECTRICAL,369
2025-10-28,ELECTRICAL,121
2025-11-23,ELECTRICAL,84
2025-12-22,ELECTRICAL,29
2025-12-28,ELECTRICAL,56
2026-01-17,ELECTRICAL,46
2026-01-20,ELECTRICAL,58
2026-01-26,ELECTRICAL,262
2025-07-02,ELECTRICAL,27
2025-07-25,ELECTRICAL,252
2025-07-28,ELECTRICAL,180
2025-07-31,ELECTRICAL,45
2025-08-03,ELECTRICAL,142
2025-08-26,ELECTRICAL,10
2025-09-24,ELECTRICAL,4
2025-09-27,ELECTRICAL,308
2025-09-30,ELECTRICAL,8
2025-10-03,ELECTRICAL,70
2025-10-23,ELECTRICAL,471
2025-10-26,ELECTRICAL,130
2025-10-29,ELECTRICAL,324
2025-12-23,ELECTRICAL,13
2025-12-26,ELECTRICAL,31
2025-12-29,ELECTRICAL,297
2026-01-01,ELECTRICAL,63
2026-01-21,ELECTRICAL,43
2026-01-24,ELECTRICAL,32
2025-06-20,ELECTRICAL,5
2025-07-16,ELECTRICAL,212
2025-07-22,ELECTRICAL,122
2025-08-14,ELECTRICAL,13
2025-09-15,ELECTRICAL,499
2025-09-18,ELECTRICAL,48
2025-09-21,ELECTRICAL,6
2025-10-11,ELECTRICAL,72
2025-10-14,ELECTRICAL,623
2025-10-17,ELECTRICAL,993
2025-10-20,ELECTRICAL,393
2025-11-12,ELECTRICAL,47
2025-11-15,ELECTRICAL,13
2025-12-14,ELECTRICAL,14
2025-12-20,ELECTRICAL,4
2026-01-12,ELECTRICAL,545
2026-01-15,ELECTRICAL,406
2026-01-18,ELECTRICAL,192
2025-07-17,ELECTRICAL,585
2025-07-20,ELECTRICAL,381
2025-07-23,ELECTRICAL,195
2025-08-18,ELECTRICAL,4
2025-09-16,ELECTRICAL,790
2025-09-19,ELECTRICAL,4
2025-09-25,ELECTRICAL,88
2025-10-15,ELECTRICAL,643
2025-10-21,ELECTRICAL,218
2025-10-24,ELECTRICAL,664
2025-12-24,ELECTRICAL,29
2026-01-16,ELECTRICAL,18
2026-01-22,ELECTRICAL,9
2025-06-06,ELECTRICAL,462
2025-07-05,ELECTRICAL,29
2025-07-08,ELECTRICAL,82
2025-08-06,ELECTRICAL,107
2025-08-09,ELECTRICAL,55
2025-09-07,ELECTRICAL,75
2025-09-10,ELECTRICAL,219
2025-09-13,ELECTRICAL,186
2025-10-09,ELECTRICAL,367
2025-10-12,ELECTRICAL,713
2025-11-07,ELECTRICAL,54
2025-11-10,ELECTRICAL,19
2025-11-13,ELECTRICAL,89
2025-12-03,ELECTRICAL,130
2025-12-06,ELECTRICAL,88
2025-12-12,ELECTRICAL,38
2026-01-04,ELECTRICAL,19
2026-01-07,ELECTRICAL,207
2026-01-13,ELECTRICAL,231
2026-02-02,ELECTRICAL,2
2026-01-31,ELECTRICAL,0
2026-01-30,ELECTRICAL,0
2026-01-29,ELECTRICAL,0
2026-01-28,ELECTRICAL,0
2026-01-27,ELECTRICAL,0
2026-01-25,ELECTRICAL,0
2026-01-23,ELECTRICAL,0
2026-01-19,ELECTRICAL,0
2026-01-11,ELECTRICAL,0
2026-01-10,ELECTRICAL,0
2026-01-03,ELECTRICAL,0
2025-12-25,ELECTRICAL,0
2025-12-21,ELECTRICAL,0
2025-12-19,ELECTRICAL,0
2025-12-18,ELECTRICAL,0
2025-12-17,ELECTRICAL,0
2025-12-16,ELECTRICAL,0
2025-12-15,ELECTRICAL,0
2025-12-13,ELECTRICAL,0
2025-12-11,ELECTRICAL,0
2025-12-09,ELECTRICAL,0
2025-12-05,ELECTRICAL,0
2025-12-04,ELECTRICAL,0
2025-12-02,ELECTRICAL,0
2025-12-01,ELECTRICAL,0
2025-11-30,ELECTRICAL,0
2025-11-29,ELECTRICAL,0
2025-11-28,ELECTRICAL,0
2025-11-27,ELECTRICAL,0
2025-11-26,ELECTRICAL,0
2025-11-25,ELECTRICAL,0
2025-11-24,ELECTRICAL,0
2025-11-22,ELECTRICAL,0
2025-11-21,ELECTRICAL,0
2025-11-20,ELECTRICAL,0
2025-11-19,ELECTRICAL,0
2025-11-18,ELECTRICAL,0
2025-11-17,ELECTRICAL,0
2025-11-16,ELECTRICAL,0
2025-11-14,ELECTRICAL,0
2025-11-04,ELECTRICAL,0
2025-11-02,ELECTRICAL,0
2025-11-01,ELECTRICAL,0
2025-10-30,ELECTRICAL,0
2025-10-27,ELECTRICAL,0
2025-10-18,ELECTRICAL,0
2025-10-06,ELECTRICAL,0
2025-10-04,ELECTRICAL,0
2025-10-01,ELECTRICAL,0
2025-09-29,ELECTRICAL,0
2025-09-26,ELECTRICAL,0
2025-09-22,ELECTRICAL,0
2025-09-12,ELECTRICAL,0
2025-09-04,ELECTRICAL,0
2025-09-03,ELECTRICAL,0
2025-09-01,ELECTRICAL,0
2025-08-29,ELECTRICAL,0
2025-08-28,ELECTRICAL,0
2025-08-25,ELECTRICAL,0
2025-08-24,ELECTRICAL,0
2025-08-23,ELECTRICAL,0
2025-08-22,ELECTRICAL,0
2025-08-21,ELECTRICAL,0
2025-08-20,ELECTRICAL,0
2025-08-19,ELECTRICAL,0
2025-08-17,ELECTRICAL,0
2025-08-16,ELECTRICAL,0
2025-08-15,ELECTRICAL,0
2025-08-13,ELECTRICAL,0
2025-08-12,ELECTRICAL,0
2025-07-26,ELECTRICAL,0
2025-07-19,ELECTRICAL,0
2025-07-18,ELECTRICAL,0
2025-07-14,ELECTRICAL,0
2025-07-13,ELECTRICAL,0
2025-07-12,ELECTRICAL,0
2025-07-11,ELECTRICAL,0
2025-07-10,ELECTRICAL,0
2025-07-07,ELECTRICAL,0
2025-07-01,ELECTRICAL,0
2025-06-29,ELECTRICAL,0
2025-06-28,ELECTRICAL,0
2025-06-27,ELECTRICAL,0
2025-06-26,ELECTRICAL,0
2025-06-25,ELECTRICAL,0
2025-06-24,ELECTRICAL,0
2025-06-23,ELECTRICAL,0
2025-06-22,ELECTRICAL,0
2025-06-21,ELECTRICAL,0
2025-06-19,ELECTRICAL,0
2025-06-18,ELECTRICAL,0
2025-06-17,ELECTRICAL,0
2025-06-16,ELECTRICAL,0
2025-06-15,ELECTRICAL,0
2025-06-14,ELECTRICAL,0
2025-06-13,ELECTRICAL,0
2025-06-12,ELECTRICAL,0
2025-06-10,ELECTRICAL,0
2025-06-09,ELECTRICAL,0
2025-06-08,ELECTRICAL,0
2025-06-05,ELECTRICAL,0
2025-06-04,ELECTRICAL,0
2025-06-03,ELECTRICAL,0
2025-06-02,ELECTRICAL,0
2025-06-01,ELECTRICAL,0
2025-05-31,ELECTRICAL,0
2025-05-30,ELECTRICAL,0
2025-05-29,ELECTRICAL,0
2025-05-28,ELECTRICAL,0
2025-05-27,ELECTRICAL,0
2025-05-26,ELECTRICAL,0
2025-05-25,ELECTRICAL,0
2025-05-24,ELECTRICAL,0
2025-05-23,ELECTRICAL,0
2025-05-22,ELECTRICAL,0
2025-05-21,ELECTRICAL,0
2025-05-20,ELECTRICAL,0
2025-05-19,ELECTRICAL,0
2025-05-18,ELECTRICAL,0
2025-05-17,ELECTRICAL,0
2025-05-16,ELECTRICAL,0
2025-05-15,ELECTRICAL,0
2025-05-14,ELECTRICAL,0
2025-05-13,ELECTRICAL,0
2025-05-12,ELECTRICAL,0
2025-05-11,ELECTRICAL,0
2025-05-10,ELECTRICAL,0
2025-05-09,ELECTRICAL,0
2025-05-08,ELECTRICAL,0
2025-05-07,ELECTRICAL,0
2025-05-06,ELECTRICAL,0
2025-05-05,ELECTRICAL,0
2025-05-04,ELECTRICAL,0
2025-05-03,ELECTRICAL,0
2025-05-02,ELECTRICAL,0
2025-05-01,ELECTRICAL,0
2025-04-30,ELECTRICAL,0
2025-04-29,ELECTRICAL,0
2025-04-28,ELECTRICAL,0
2025-04-27,ELECTRICAL,0
2025-04-26,ELECTRICAL,0
2025-04-25,ELECTRICAL,0
2025-04-24,ELECTRICAL,0
2025-04-23,ELECTRICAL,0
2025-04-22,ELECTRICAL,0
2025-04-21,ELECTRICAL,0
2025-04-20,ELECTRICAL,0
2025-04-19,ELECTRICAL,0
2025-04-18,ELECTRICAL,0
2025-04-17,ELECTRICAL,0
2025-04-16,ELECTRICAL,0
2025-04-15,ELECTRICAL,0
2025-04-14,ELECTRICAL,0
2025-04-13,ELECTRICAL,0
2025-04-12,ELECTRICAL,0
2025-04-11,ELECTRICAL,0
2025-04-10,ELECTRICAL,0
2025-04-09,ELECTRICAL,0
2025-04-08,ELECTRICAL,0
2025-04-07,ELECTRICAL,0
2025-04-06,ELECTRICAL,0
2025-04-05,ELECTRICAL,0
2025-04-04,ELECTRICAL,0
2025-04-03,ELECTRICAL,0
2025-04-02,ELECTRICAL,0
2025-04-01,ELECTRICAL,0
2025-03-31,ELECTRICAL,0
2025-03-30,ELECTRICAL,0
2025-03-29,ELECTRICAL,0
2025-03-28,ELECTRICAL,0
2025-03-27,ELECTRICAL,0
2025-03-26,ELECTRICAL,0
2025-03-25,ELECTRICAL,0
2025-03-24,ELECTRICAL,0
2025-03-23,ELECTRICAL,0
2025-03-22,ELECTRICAL,0
2025-03-21,ELECTRICAL,0
2025-03-20,ELECTRICAL,0
2025-03-19,ELECTRICAL,0
2025-03-18,ELECTRICAL,0
2025-03-17,ELECTRICAL,0
2025-03-16,ELECTRICAL,0
2025-03-15,ELECTRICAL,0
2025-03-14,ELECTRICAL,0
2025-03-13,ELECTRICAL,0
2025-03-12,ELECTRICAL,0
2025-03-11,ELECTRICAL,0
2025-03-10,ELECTRICAL,0
2025-03-09,ELECTRICAL,0
2025-03-08,ELECTRICAL,0
2025-03-07,ELECTRICAL,0
2025-03-06,ELECTRICAL,0
2025-03-05,ELECTRICAL,0
2025-03-04,ELECTRICAL,0
2025-03-03,ELECTRICAL,0
2025-03-02,ELECTRICAL,0
2025-03-01,ELECTRICAL,0
2025-02-28,ELECTRICAL,0
2025-02-27,ELECTRICAL,0
2025-02-26,ELECTRICAL,0
2025-02-25,ELECTRICAL,0
2025-02-24,ELECTRICAL,0
2025-02-23,ELECTRICAL,0
2025-02-22,ELECTRICAL,0
2025-02-21,ELECTRICAL,0
2025-02-20,ELECTRICAL,0
2025-02-19,ELECTRICAL,0
2025-02-18,ELECTRICAL,0
2025-02-17,ELECTRICAL,0
2025-02-16,ELECTRICAL,0
2025-02-15,ELECTRICAL,0
2025-02-14,ELECTRICAL,0
2025-02-13,ELECTRICAL,0
2025-02-12,ELECTRICAL,0
2025-02-11,ELECTRICAL,0
2025-02-10,ELECTRICAL,0
2025-02-09,ELECTRICAL,0
2025-02-08,ELECTRICAL,0
2025-02-07,ELECTRICAL,0
2025-02-06,ELECTRICAL,0
2025-02-05,ELECTRICAL,0
2025-02-04,ELECTRICAL,0
2025-02-03,ELECTRICAL,0
2025-02-12,PIPING,5
2025-02-18,PIPING,2
2025-05-22,PIPING,1
2025-06-11,PIPING,1
2025-07-13,PIPING,1
2025-07-16,PIPING,1
2025-07-19,PIPING,1
2025-08-11,PIPING,1
2025-08-14,PIPING,23
2025-08-17,PIPING,13
2025-08-20,PIPING,21
2025-09-12,PIPING,47
2025-09-15,PIPING,16
2025-09-18,PIPING,6
2025-10-14,PIPING,44
2025-10-17,PIPING,2
2025-10-20,PIPING,29
2025-11-09,PIPING,6
2025-11-12,PIPING,6
2025-11-15,PIPING,10
2025-11-18,PIPING,3
2025-12-11,PIPING,19
2025-12-14,PIPING,3
2025-12-17,PIPING,5
2026-01-12,PIPING,3
2026-01-15,PIPING,4
2025-03-31,PIPING,2
2025-07-28,PIPING,1
2025-07-31,PIPING,15
2025-08-23,PIPING,1
2025-08-26,PIPING,2
2025-08-29,PIPING,14
2025-09-01,PIPING,3
2025-09-21,PIPING,18
2025-09-24,PIPING,1
2025-09-27,PIPING,29
2025-09-30,PIPING,15
2025-10-26,PIPING,24
2025-10-29,PIPING,12
2025-11-21,PIPING,1
2025-11-24,PIPING,18
2025-11-27,PIPING,19
2025-11-30,PIPING,53
2025-12-20,PIPING,2
2025-12-23,PIPING,4
2025-12-26,PIPING,13
2025-12-29,PIPING,24
2026-01-21,PIPING,15
2026-01-24,PIPING,4
2026-01-27,PIPING,43
2026-01-30,PIPING,1
2025-02-26,PIPING,1
2025-03-01,PIPING,1
2025-07-24,PIPING,2
2025-07-27,PIPING,1
2025-08-19,PIPING,23
2025-08-22,PIPING,1
2025-08-25,PIPING,15
2025-08-28,PIPING,8
2025-09-17,PIPING,2
2025-09-20,PIPING,7
2025-09-23,PIPING,37
2025-09-26,PIPING,21
2025-10-22,PIPING,28
2025-10-25,PIPING,4
2025-10-28,PIPING,27
2025-11-17,PIPING,5
2025-11-20,PIPING,4
2025-11-23,PIPING,35
2025-11-26,PIPING,3
2025-12-19,PIPING,1
2025-12-22,PIPING,4
2025-12-25,PIPING,5
2026-01-17,PIPING,2
2026-01-20,PIPING,4
2026-01-26,PIPING,4
2025-02-09,PIPING,8
2025-05-04,PIPING,2
2025-07-04,PIPING,7
2025-07-30,PIPING,14
2025-08-02,PIPING,2
2025-08-05,PIPING,1
2025-08-08,PIPING,2
2025-08-31,PIPING,1
2025-09-03,PIPING,19
2025-09-09,PIPING,2
2025-09-29,PIPING,43
2025-10-02,PIPING,5
2025-10-05,PIPING,21
2025-10-08,PIPING,3
2025-11-03,PIPING,24
2025-11-29,PIPING,1
2025-12-02,PIPING,1
2025-12-08,PIPING,6
2026-01-03,PIPING,30
2026-01-06,PIPING,59
2026-02-01,PIPING,1
2025-02-05,PIPING,5
2025-05-06,PIPING,1
2025-05-29,PIPING,1
2025-06-01,PIPING,2
2025-07-03,PIPING,8
2025-08-01,PIPING,2
2025-08-04,PIPING,6
2025-08-27,PIPING,6
2025-08-30,PIPING,28
2025-09-02,PIPING,13
2025-09-05,PIPING,105
2025-09-25,PIPING,38
2025-09-28,PIPING,5
2025-10-01,PIPING,11
2025-10-04,PIPING,17
2025-10-30,PIPING,41
2025-11-02,PIPING,43
2025-12-01,PIPING,21
2025-12-04,PIPING,20
2025-12-24,PIPING,15
2025-12-27,PIPING,25
2025-12-30,PIPING,28
2026-01-25,PIPING,3
2026-01-28,PIPING,11
2026-01-31,PIPING,2
2025-02-17,PIPING,4
2025-03-15,PIPING,8
2025-06-13,PIPING,6
2025-07-09,PIPING,3
2025-07-12,PIPING,3
2025-08-10,PIPING,15
2025-08-16,PIPING,2
2025-09-08,PIPING,7
2025-09-14,PIPING,5
2025-10-07,PIPING,7
2025-10-10,PIPING,57
2025-10-13,PIPING,46
2025-10-16,PIPING,16
2025-11-05,PIPING,4
2025-11-08,PIPING,7
2025-11-11,PIPING,5
2025-11-14,PIPING,27
2025-12-10,PIPING,35
2026-01-08,PIPING,62
2026-01-11,PIPING,41
2026-01-14,PIPING,7
2025-02-07,PIPING,7
2025-02-10,PIPING,5
2025-02-13,PIPING,3
2025-04-15,PIPING,2
2025-05-08,PIPING,3
2025-05-14,PIPING,1
2025-06-06,PIPING,2
2025-06-09,PIPING,5
2025-07-05,PIPING,8
2025-07-08,PIPING,2
2025-07-14,PIPING,1
2025-08-03,PIPING,5
2025-08-06,PIPING,3
2025-08-09,PIPING,4
2025-08-12,PIPING,22
2025-09-04,PIPING,8
2025-09-10,PIPING,1
2025-10-03,PIPING,52
2025-10-06,PIPING,5
2025-10-09,PIPING,22
2025-10-12,PIPING,3
2025-11-01,PIPING,3
2025-11-04,PIPING,1
2025-11-07,PIPING,14
2025-11-10,PIPING,42
2025-12-03,PIPING,14
2025-12-06,PIPING,30
2025-12-09,PIPING,1
2025-12-12,PIPING,30
2026-01-01,PIPING,72
2026-01-04,PIPING,48
2026-01-10,PIPING,63
2026-02-02,PIPING,1
2025-05-20,PIPING,1
2025-08-15,PIPING,14
2025-08-18,PIPING,24
2025-08-21,PIPING,30
2025-08-24,PIPING,6
2025-09-13,PIPING,11
2025-09-16,PIPING,15
2025-09-19,PIPING,97
2025-09-22,PIPING,4
2025-10-15,PIPING,26
2025-10-24,PIPING,15
2025-11-16,PIPING,8
2025-11-22,PIPING,9
2025-12-21,PIPING,2
2026-01-13,PIPING,21
2026-01-19,PIPING,3
2026-01-29,PIPING,0
2026-01-23,PIPING,0
2026-01-22,PIPING,0
2026-01-18,PIPING,0
2026-01-16,PIPING,0
2026-01-09,PIPING,0
2026-01-07,PIPING,0
2026-01-05,PIPING,0
2026-01-02,PIPING,0
2025-12-31,PIPING,0
2025-12-28,PIPING,0
2025-12-18,PIPING,0
2025-12-16,PIPING,0
2025-12-15,PIPING,0
2025-12-13,PIPING,0
2025-12-07,PIPING,0
2025-12-05,PIPING,0
2025-11-28,PIPING,0
2025-11-25,PIPING,0
2025-11-19,PIPING,0
2025-11-13,PIPING,0
2025-11-06,PIPING,0
2025-10-31,PIPING,0
2025-10-27,PIPING,0
2025-10-23,PIPING,0
2025-10-21,PIPING,0
2025-10-19,PIPING,0
2025-10-18,PIPING,0
2025-10-11,PIPING,0
2025-09-11,PIPING,0
2025-09-07,PIPING,0
2025-09-06,PIPING,0
2025-08-13,PIPING,0
2025-08-07,PIPING,0
2025-07-29,PIPING,0
2025-07-26,PIPING,0
2025-07-25,PIPING,0
2025-07-23,PIPING,0
2025-07-22,PIPING,0
2025-07-21,PIPING,0
2025-07-20,PIPING,0
2025-07-18,PIPING,0
2025-07-17,PIPING,0
2025-07-15,PIPING,0
2025-07-11,PIPING,0
2025-07-10,PIPING,0
2025-07-07,PIPING,0
2025-07-06,PIPING,0
2025-07-02,PIPING,0
2025-07-01,PIPING,0
2025-06-30,PIPING,0
2025-06-29,PIPING,0
2025-06-28,PIPING,0
2025-06-27,PIPING,0
2025-06-26,PIPING,0
2025-06-25,PIPING,0
2025-06-24,PIPING,0
2025-06-23,PIPING,0
2025-06-22,PIPING,0
2025-06-21,PIPING,0
2025-06-20,PIPING,0
2025-06-19,PIPING,0
2025-06-18,PIPING,0
2025-06-17,PIPING,0
2025-06-16,PIPING,0
2025-06-15,PIPING,0
2025-06-14,PIPING,0
2025-06-12,PIPING,0
2025-06-10,PIPING,0
2025-06-08,PIPING,0
2025-06-07,PIPING,0
2025-06-05,PIPING,0
2025-06-04,PIPING,0
2025-06-03,PIPING,0
2025-06-02,PIPING,0
2025-05-31,PIPING,0
2025-05-30,PIPING,0
2025-05-28,PIPING,0
2025-05-27,PIPING,0
2025-05-26,PIPING,0
2025-05-25,PIPING,0
2025-05-24,PIPING,0
2025-05-23,PIPING,0
2025-05-21,PIPING,0
2025-05-19,PIPING,0
2025-05-18,PIPING,0
2025-05-17,PIPING,0
2025-05-16,PIPING,0
2025-05-15,PIPING,0
2025-05-13,PIPING,0
2025-05-12,PIPING,0
2025-05-11,PIPING,0
2025-05-10,PIPING,0
2025-05-09,PIPING,0
2025-05-07,PIPING,0
2025-05-05,PIPING,0
2025-05-03,PIPING,0
2025-05-02,PIPING,0
2025-05-01,PIPING,0
2025-04-30,PIPING,0
2025-04-29,PIPING,0
2025-04-28,PIPING,0
2025-04-27,PIPING,0
2025-04-26,PIPING,0
2025-04-25,PIPING,0
2025-04-24,PIPING,0
2025-04-23,PIPING,0
2025-04-22,PIPING,0
2025-04-21,PIPING,0
2025-04-20,PIPING,0
2025-04-19,PIPING,0
2025-04-18,PIPING,0
2025-04-17,PIPING,0
2025-04-16,PIPING,0
2025-04-14,PIPING,0
2025-04-13,PIPING,0
2025-04-12,PIPING,0
2025-04-11,PIPING,0
2025-04-10,PIPING,0
2025-04-09,PIPING,0
2025-04-08,PIPING,0
2025-04-07,PIPING,0
2025-04-06,PIPING,0
2025-04-05,PIPING,0
2025-04-04,PIPING,0
2025-04-03,PIPING,0
2025-04-02,PIPING,0
2025-04-01,PIPING,0
2025-03-30,PIPING,0
2025-03-29,PIPING,0
2025-03-28,PIPING,0
2025-03-27,PIPING,0
2025-03-26,PIPING,0
2025-03-25,PIPING,0
2025-03-24,PIPING,0
2025-03-23,PIPING,0
2025-03-22,PIPING,0
2025-03-21,PIPING,0
2025-03-20,PIPING,0
2025-03-19,PIPING,0
2025-03-18,PIPING,0
2025-03-17,PIPING,0
2025-03-16,PIPING,0
2025-03-14,PIPING,0
2025-03-13,PIPING,0
2025-03-12,PIPING,0
2025-03-11,PIPING,0
2025-03-10,PIPING,0
2025-03-09,PIPING,0
2025-03-08,PIPING,0
2025-03-07,PIPING,0
2025-03-06,PIPING,0
2025-03-05,PIPING,0
2025-03-04,PIPING,0
2025-03-03,PIPING,0
2025-03-02,PIPING,0
2025-02-28,PIPING,0
2025-02-27,PIPING,0
2025-02-25,PIPING,0
2025-02-24,PIPING,0
2025-02-23,PIPING,0
2025-02-22,PIPING,0
2025-02-21,PIPING,0
2025-02-20,PIPING,0
2025-02-19,PIPING,0
2025-02-16,PIPING,0
2025-02-15,PIPING,0
2025-02-14,PIPING,0
2025-02-11,PIPING,0
2025-02-08,PIPING,0
2025-02-06,PIPING,0
2025-02-04,PIPING,0
2025-02-03,PIPING,0
